category_ids,sku,name,product_name,price,brand,supplier,mode,description,short_description,image,small_image,thumbnail,qty,min_qty,use_config_min_qty,is_qty_decimal,backorders,use_config_backorders,min_sale_qty,use_config_min_sale_qty,max_sale_qty,use_config_max_sale_qty,is_in_stock,low_stock_date,notify_stock_qty,use_config_notify_stock_qty,manage_stock,use_config_manage_stock,stock_status_changed_auto,use_config_qty_increments,qty_increments,use_config_enable_qty_inc,enable_qty_increments,is_decimal_divided,stock_status_changed_automatically,use_config_enable_qty_increments,store_id,product_type_id,store,websites,attribute_set,type,has_options,url_key,url_path,options_container,weight,status,visibility,tax_class_id,special_from_date
8,AGNT900223,BSBSBS,Cal-C Vita Efferversent Tablet 10S 2+1 Offer Pack TST 7,0,MEDICINES,ALPHAMED,BestSeller,Cal-C Vita Efferversent Tablet 10S 2+1 Offer Pack TST 7,Cal-C Vita Efferversent Tablet 10S 2+1 Offer Pack TST 7,/agentx.png,/agentx.png,/agentx.png,100000,0,1,0,0,1,1,0,0,1,1,,,1,1,0,0,1,0,1,0,0,0,1,0,simple,admin,pdc,Default,simple,0,,,Product Info Column,1,Enabled,"Catalog, Search",Shipping,
8,AGNT900224,BSBSBS,Cal-C Vita Efferversent Tablet 10S 2+1 Offer Pack TST 7,0,MEDICINES,ALPHAMED,BestSeller,Cal-C Vita Efferversent Tablet 10S 2+1 Offer Pack TST 7,Cal-C Vita Efferversent Tablet 10S 2+1 Offer Pack TST 7,/agentx.png,/agentx.png,/agentx.png,100000,0,1,0,0,1,1,0,0,1,1,,,1,1,0,0,1,0,1,0,0,0,1,0,simple,admin,pdc,Default,simple,0,,,Product Info Column,1,Enabled,"Catalog, Search",Shipping,
8,AGNT900225,BSBSBS,Cal-C Vita Efferversent Tablet 10S 2+1 Offer Pack TST 7,0,MEDICINES,ALPHAMED,BestSeller,Cal-C Vita Efferversent Tablet 10S 2+1 Offer Pack TST 7,Cal-C Vita Efferversent Tablet 10S 2+1 Offer Pack TST 7,/agentx.png,/agentx.png,/agentx.png,100000,0,1,0,0,1,1,0,0,1,1,,,1,1,0,0,1,0,1,0,0,0,1,0,simple,admin,pdc,Default,simple,0,,,Product Info Column,1,Enabled,"Catalog, Search",Shipping,
8,AGNT900226,BSBSBS,Cal-C Vita Efferversent Tablet 10S 2+1 Offer Pack TST 7,0,MEDICINES,ALPHAMED,BestSeller,Cal-C Vita Efferversent Tablet 10S 2+1 Offer Pack TST 7,Cal-C Vita Efferversent Tablet 10S 2+1 Offer Pack TST 7,/agentx.png,/agentx.png,/agentx.png,100000,0,1,0,0,1,1,0,0,1,1,,,1,1,0,0,1,0,1,0,0,0,1,0,simple,admin,pdc,Default,simple,0,,,Product Info Column,1,Enabled,"Catalog, Search",Shipping,
8,AGNT900227,BSBSBS,Cal-C Vita Efferversent Tablet 10S 2+1 Offer Pack TST 7,0,MEDICINES,ALPHAMED,BestSeller,Cal-C Vita Efferversent Tablet 10S 2+1 Offer Pack TST 7,Cal-C Vita Efferversent Tablet 10S 2+1 Offer Pack TST 7,/agentx.png,/agentx.png,/agentx.png,100000,0,1,0,0,1,1,0,0,1,1,,,1,1,0,0,1,0,1,0,0,0,1,0,simple,admin,pdc,Default,simple,0,,,Product Info Column,1,Enabled,"Catalog, Search",Shipping,
8,AGNT900228,BSBSBS,Cal-C Vita Efferversent Tablet 10S 2+1 Offer Pack TST 7,0,MEDICINES,ALPHAMED,BestSeller,Cal-C Vita Efferversent Tablet 10S 2+1 Offer Pack TST 7,Cal-C Vita Efferversent Tablet 10S 2+1 Offer Pack TST 7,/agentx.png,/agentx.png,/agentx.png,100000,0,1,0,0,1,1,0,0,1,1,,,1,1,0,0,1,0,1,0,0,0,1,0,simple,admin,pdc,Default,simple,0,,,Product Info Column,1,Enabled,"Catalog, Search",Shipping,
8,AGNT900229,BSBSBS,Cal-C Vita Efferversent Tablet 10S 2+1 Offer Pack TST 7,0,MEDICINES,ALPHAMED,BestSeller,Cal-C Vita Efferversent Tablet 10S 2+1 Offer Pack TST 7,Cal-C Vita Efferversent Tablet 10S 2+1 Offer Pack TST 7,/agentx.png,/agentx.png,/agentx.png,100000,0,1,0,0,1,1,0,0,1,1,,,1,1,0,0,1,0,1,0,0,0,1,0,simple,admin,pdc,Default,simple,0,,,Product Info Column,1,Enabled,"Catalog, Search",Shipping,
8,AGNT900230,BSBSBS,Cal-C Vita Efferversent Tablet 10S 2+1 Offer Pack TST 7,0,MEDICINES,ALPHAMED,BestSeller,Cal-C Vita Efferversent Tablet 10S 2+1 Offer Pack TST 7,Cal-C Vita Efferversent Tablet 10S 2+1 Offer Pack TST 7,/agentx.png,/agentx.png,/agentx.png,100000,0,1,0,0,1,1,0,0,1,1,,,1,1,0,0,1,0,1,0,0,0,1,0,simple,admin,pdc,Default,simple,0,,,Product Info Column,1,Enabled,"Catalog, Search",Shipping,
8,AGNT900231,BSBSBS,Cal-C Vita Efferversent Tablet 10S 2+1 Offer Pack TST 7,0,MEDICINES,ALPHAMED,BestSeller,Cal-C Vita Efferversent Tablet 10S 2+1 Offer Pack TST 7,Cal-C Vita Efferversent Tablet 10S 2+1 Offer Pack TST 7,/agentx.png,/agentx.png,/agentx.png,100000,0,1,0,0,1,1,0,0,1,1,,,1,1,0,0,1,0,1,0,0,0,1,0,simple,admin,pdc,Default,simple,0,,,Product Info Column,1,Enabled,"Catalog, Search",Shipping,
8,AGNT900232,BSBSBS,Cal-C Vita Efferversent Tablet 10S 2+1 Offer Pack TST 7,0,MEDICINES,ALPHAMED,BestSeller,Cal-C Vita Efferversent Tablet 10S 2+1 Offer Pack TST 7,Cal-C Vita Efferversent Tablet 10S 2+1 Offer Pack TST 7,/agentx.png,/agentx.png,/agentx.png,100000,0,1,0,0,1,1,0,0,1,1,,,1,1,0,0,1,0,1,0,0,0,1,0,simple,admin,pdc,Default,simple,0,,,Product Info Column,1,Enabled,"Catalog, Search",Shipping,
8,AGNT900233,BSBSBS,Cal-C Vita Efferversent Tablet 10S 2+1 Offer Pack TST 7,0,MEDICINES,ALPHAMED,BestSeller,Cal-C Vita Efferversent Tablet 10S 2+1 Offer Pack TST 7,Cal-C Vita Efferversent Tablet 10S 2+1 Offer Pack TST 7,/agentx.png,/agentx.png,/agentx.png,100000,0,1,0,0,1,1,0,0,1,1,,,1,1,0,0,1,0,1,0,0,0,1,0,simple,admin,pdc,Default,simple,0,,,Product Info Column,1,Enabled,"Catalog, Search",Shipping,
8,AGNT900234,BSBSBS,Cal-C Vita Efferversent Tablet 10S 2+1 Offer Pack TST 7,0,MEDICINES,ALPHAMED,BestSeller,Cal-C Vita Efferversent Tablet 10S 2+1 Offer Pack TST 7,Cal-C Vita Efferversent Tablet 10S 2+1 Offer Pack TST 7,/agentx.png,/agentx.png,/agentx.png,100000,0,1,0,0,1,1,0,0,1,1,,,1,1,0,0,1,0,1,0,0,0,1,0,simple,admin,pdc,Default,simple,0,,,Product Info Column,1,Enabled,"Catalog, Search",Shipping,
8,AGNT900235,BSBSBS,Cal-C Vita Efferversent Tablet 10S 2+1 Offer Pack TST 7,0,MEDICINES,ALPHAMED,BestSeller,Cal-C Vita Efferversent Tablet 10S 2+1 Offer Pack TST 7,Cal-C Vita Efferversent Tablet 10S 2+1 Offer Pack TST 7,/agentx.png,/agentx.png,/agentx.png,100000,0,1,0,0,1,1,0,0,1,1,,,1,1,0,0,1,0,1,0,0,0,1,0,simple,admin,pdc,Default,simple,0,,,Product Info Column,1,Enabled,"Catalog, Search",Shipping,
8,AGNT900236,BSBSBS,Cal-C Vita Efferversent Tablet 10S 2+1 Offer Pack TST 7,0,MEDICINES,ALPHAMED,BestSeller,Cal-C Vita Efferversent Tablet 10S 2+1 Offer Pack TST 7,Cal-C Vita Efferversent Tablet 10S 2+1 Offer Pack TST 7,/agentx.png,/agentx.png,/agentx.png,100000,0,1,0,0,1,1,0,0,1,1,,,1,1,0,0,1,0,1,0,0,0,1,0,simple,admin,pdc,Default,simple,0,,,Product Info Column,1,Enabled,"Catalog, Search",Shipping,
8,AGNT900237,BSBSBS,Cal-C Vita Efferversent Tablet 10S 2+1 Offer Pack TST 7,0,MEDICINES,ALPHAMED,BestSeller,Cal-C Vita Efferversent Tablet 10S 2+1 Offer Pack TST 7,Cal-C Vita Efferversent Tablet 10S 2+1 Offer Pack TST 7,/agentx.png,/agentx.png,/agentx.png,100000,0,1,0,0,1,1,0,0,1,1,,,1,1,0,0,1,0,1,0,0,0,1,0,simple,admin,pdc,Default,simple,0,,,Product Info Column,1,Enabled,"Catalog, Search",Shipping,
8,AGNT900238,BSBSBS,Cal-C Vita Efferversent Tablet 10S 2+1 Offer Pack TST 7,0,MEDICINES,ALPHAMED,BestSeller,Cal-C Vita Efferversent Tablet 10S 2+1 Offer Pack TST 7,Cal-C Vita Efferversent Tablet 10S 2+1 Offer Pack TST 7,/agentx.png,/agentx.png,/agentx.png,100000,0,1,0,0,1,1,0,0,1,1,,,1,1,0,0,1,0,1,0,0,0,1,0,simple,admin,pdc,Default,simple,0,,,Product Info Column,1,Enabled,"Catalog, Search",Shipping,
8,AGNT900239,BSBSBS,Cal-C Vita Efferversent Tablet 10S 2+1 Offer Pack TST 7,0,MEDICINES,ALPHAMED,BestSeller,Cal-C Vita Efferversent Tablet 10S 2+1 Offer Pack TST 7,Cal-C Vita Efferversent Tablet 10S 2+1 Offer Pack TST 7,/agentx.png,/agentx.png,/agentx.png,100000,0,1,0,0,1,1,0,0,1,1,,,1,1,0,0,1,0,1,0,0,0,1,0,simple,admin,pdc,Default,simple,0,,,Product Info Column,1,Enabled,"Catalog, Search",Shipping,
8,AGNT900240,BSBSBS,Cal-C Vita Efferversent Tablet 10S 2+1 Offer Pack TST 7,0,MEDICINES,ALPHAMED,BestSeller,Cal-C Vita Efferversent Tablet 10S 2+1 Offer Pack TST 7,Cal-C Vita Efferversent Tablet 10S 2+1 Offer Pack TST 7,/agentx.png,/agentx.png,/agentx.png,100000,0,1,0,0,1,1,0,0,1,1,,,1,1,0,0,1,0,1,0,0,0,1,0,simple,admin,pdc,Default,simple,0,,,Product Info Column,1,Enabled,"Catalog, Search",Shipping,
8,AGNT900241,BSBSBS,Cal-C Vita Efferversent Tablet 10S 2+1 Offer Pack TST 7,0,MEDICINES,ALPHAMED,BestSeller,Cal-C Vita Efferversent Tablet 10S 2+1 Offer Pack TST 7,Cal-C Vita Efferversent Tablet 10S 2+1 Offer Pack TST 7,/agentx.png,/agentx.png,/agentx.png,100000,0,1,0,0,1,1,0,0,1,1,,,1,1,0,0,1,0,1,0,0,0,1,0,simple,admin,pdc,Default,simple,0,,,Product Info Column,1,Enabled,"Catalog, Search",Shipping,
8,AGNT900242,BSBSBS,Cal-C Vita Efferversent Tablet 10S 2+1 Offer Pack TST 7,0,MEDICINES,ALPHAMED,BestSeller,Cal-C Vita Efferversent Tablet 10S 2+1 Offer Pack TST 7,Cal-C Vita Efferversent Tablet 10S 2+1 Offer Pack TST 7,/agentx.png,/agentx.png,/agentx.png,100000,0,1,0,0,1,1,0,0,1,1,,,1,1,0,0,1,0,1,0,0,0,1,0,simple,admin,pdc,Default,simple,0,,,Product Info Column,1,Enabled,"Catalog, Search",Shipping,
8,AGNT900243,BSBSBS,Cal-C Vita Efferversent Tablet 10S 2+1 Offer Pack TST 7,0,MEDICINES,ALPHAMED,BestSeller,Cal-C Vita Efferversent Tablet 10S 2+1 Offer Pack TST 7,Cal-C Vita Efferversent Tablet 10S 2+1 Offer Pack TST 7,/agentx.png,/agentx.png,/agentx.png,100000,0,1,0,0,1,1,0,0,1,1,,,1,1,0,0,1,0,1,0,0,0,1,0,simple,admin,pdc,Default,simple,0,,,Product Info Column,1,Enabled,"Catalog, Search",Shipping,
8,AGNT900244,BSBSBS,Cal-C Vita Efferversent Tablet 10S 2+1 Offer Pack TST 7,0,MEDICINES,ALPHAMED,BestSeller,Cal-C Vita Efferversent Tablet 10S 2+1 Offer Pack TST 7,Cal-C Vita Efferversent Tablet 10S 2+1 Offer Pack TST 7,/agentx.png,/agentx.png,/agentx.png,100000,0,1,0,0,1,1,0,0,1,1,,,1,1,0,0,1,0,1,0,0,0,1,0,simple,admin,pdc,Default,simple,0,,,Product Info Column,1,Enabled,"Catalog, Search",Shipping,
8,AGNT900245,BSBSBS,Cal-C Vita Efferversent Tablet 10S 2+1 Offer Pack TST 7,0,MEDICINES,ALPHAMED,BestSeller,Cal-C Vita Efferversent Tablet 10S 2+1 Offer Pack TST 7,Cal-C Vita Efferversent Tablet 10S 2+1 Offer Pack TST 7,/agentx.png,/agentx.png,/agentx.png,100000,0,1,0,0,1,1,0,0,1,1,,,1,1,0,0,1,0,1,0,0,0,1,0,simple,admin,pdc,Default,simple,0,,,Product Info Column,1,Enabled,"Catalog, Search",Shipping,
8,AGNT900246,BSBSBS,Cal-C Vita Efferversent Tablet 10S 2+1 Offer Pack TST 7,0,MEDICINES,ALPHAMED,BestSeller,Cal-C Vita Efferversent Tablet 10S 2+1 Offer Pack TST 7,Cal-C Vita Efferversent Tablet 10S 2+1 Offer Pack TST 7,/agentx.png,/agentx.png,/agentx.png,100000,0,1,0,0,1,1,0,0,1,1,,,1,1,0,0,1,0,1,0,0,0,1,0,simple,admin,pdc,Default,simple,0,,,Product Info Column,1,Enabled,"Catalog, Search",Shipping,
8,AGNT900247,BSBSBS,Cal-C Vita Efferversent Tablet 10S 2+1 Offer Pack TST 7,0,MEDICINES,ALPHAMED,BestSeller,Cal-C Vita Efferversent Tablet 10S 2+1 Offer Pack TST 7,Cal-C Vita Efferversent Tablet 10S 2+1 Offer Pack TST 7,/agentx.png,/agentx.png,/agentx.png,100000,0,1,0,0,1,1,0,0,1,1,,,1,1,0,0,1,0,1,0,0,0,1,0,simple,admin,pdc,Default,simple,0,,,Product Info Column,1,Enabled,"Catalog, Search",Shipping,
8,AGNT900248,BSBSBS,Cal-C Vita Efferversent Tablet 10S 2+1 Offer Pack TST 7,0,MEDICINES,ALPHAMED,BestSeller,Cal-C Vita Efferversent Tablet 10S 2+1 Offer Pack TST 7,Cal-C Vita Efferversent Tablet 10S 2+1 Offer Pack TST 7,/agentx.png,/agentx.png,/agentx.png,100000,0,1,0,0,1,1,0,0,1,1,,,1,1,0,0,1,0,1,0,0,0,1,0,simple,admin,pdc,Default,simple,0,,,Product Info Column,1,Enabled,"Catalog, Search",Shipping,
8,AGNT900249,BSBSBS,Cal-C Vita Efferversent Tablet 10S 2+1 Offer Pack TST 7,0,MEDICINES,ALPHAMED,BestSeller,Cal-C Vita Efferversent Tablet 10S 2+1 Offer Pack TST 7,Cal-C Vita Efferversent Tablet 10S 2+1 Offer Pack TST 7,/agentx.png,/agentx.png,/agentx.png,100000,0,1,0,0,1,1,0,0,1,1,,,1,1,0,0,1,0,1,0,0,0,1,0,simple,admin,pdc,Default,simple,0,,,Product Info Column,1,Enabled,"Catalog, Search",Shipping,
8,AGNT900250,BSBSBS,Cal-C Vita Efferversent Tablet 10S 2+1 Offer Pack TST 7,0,MEDICINES,ALPHAMED,BestSeller,Cal-C Vita Efferversent Tablet 10S 2+1 Offer Pack TST 7,Cal-C Vita Efferversent Tablet 10S 2+1 Offer Pack TST 7,/agentx.png,/agentx.png,/agentx.png,100000,0,1,0,0,1,1,0,0,1,1,,,1,1,0,0,1,0,1,0,0,0,1,0,simple,admin,pdc,Default,simple,0,,,Product Info Column,1,Enabled,"Catalog, Search",Shipping,
8,AGNT900251,BSBSBS,Cal-C Vita Efferversent Tablet 10S 2+1 Offer Pack TST 7,0,MEDICINES,ALPHAMED,BestSeller,Cal-C Vita Efferversent Tablet 10S 2+1 Offer Pack TST 7,Cal-C Vita Efferversent Tablet 10S 2+1 Offer Pack TST 7,/agentx.png,/agentx.png,/agentx.png,100000,0,1,0,0,1,1,0,0,1,1,,,1,1,0,0,1,0,1,0,0,0,1,0,simple,admin,pdc,Default,simple,0,,,Product Info Column,1,Enabled,"Catalog, Search",Shipping,
8,AGNT900252,BSBSBS,Cal-C Vita Efferversent Tablet 10S 2+1 Offer Pack TST 7,0,MEDICINES,ALPHAMED,BestSeller,Cal-C Vita Efferversent Tablet 10S 2+1 Offer Pack TST 7,Cal-C Vita Efferversent Tablet 10S 2+1 Offer Pack TST 7,/agentx.png,/agentx.png,/agentx.png,100000,0,1,0,0,1,1,0,0,1,1,,,1,1,0,0,1,0,1,0,0,0,1,0,simple,admin,pdc,Default,simple,0,,,Product Info Column,1,Enabled,"Catalog, Search",Shipping,
8,AGNT900253,BSBSBS,Cal-C Vita Efferversent Tablet 10S 2+1 Offer Pack TST 7,0,MEDICINES,ALPHAMED,BestSeller,Cal-C Vita Efferversent Tablet 10S 2+1 Offer Pack TST 7,Cal-C Vita Efferversent Tablet 10S 2+1 Offer Pack TST 7,/agentx.png,/agentx.png,/agentx.png,100000,0,1,0,0,1,1,0,0,1,1,,,1,1,0,0,1,0,1,0,0,0,1,0,simple,admin,pdc,Default,simple,0,,,Product Info Column,1,Enabled,"Catalog, Search",Shipping,
8,AGNT900254,BSBSBS,Cal-C Vita Efferversent Tablet 10S 2+1 Offer Pack TST 7,0,MEDICINES,ALPHAMED,BestSeller,Cal-C Vita Efferversent Tablet 10S 2+1 Offer Pack TST 7,Cal-C Vita Efferversent Tablet 10S 2+1 Offer Pack TST 7,/agentx.png,/agentx.png,/agentx.png,100000,0,1,0,0,1,1,0,0,1,1,,,1,1,0,0,1,0,1,0,0,0,1,0,simple,admin,pdc,Default,simple,0,,,Product Info Column,1,Enabled,"Catalog, Search",Shipping,
8,AGNT900255,BSBSBS,Cal-C Vita Efferversent Tablet 10S 2+1 Offer Pack TST 7,0,MEDICINES,ALPHAMED,BestSeller,Cal-C Vita Efferversent Tablet 10S 2+1 Offer Pack TST 7,Cal-C Vita Efferversent Tablet 10S 2+1 Offer Pack TST 7,/agentx.png,/agentx.png,/agentx.png,100000,0,1,0,0,1,1,0,0,1,1,,,1,1,0,0,1,0,1,0,0,0,1,0,simple,admin,pdc,Default,simple,0,,,Product Info Column,1,Enabled,"Catalog, Search",Shipping,
8,AGNT900256,BSBSBS,Cal-C Vita Efferversent Tablet 10S 2+1 Offer Pack TST 7,0,MEDICINES,ALPHAMED,BestSeller,Cal-C Vita Efferversent Tablet 10S 2+1 Offer Pack TST 7,Cal-C Vita Efferversent Tablet 10S 2+1 Offer Pack TST 7,/agentx.png,/agentx.png,/agentx.png,100000,0,1,0,0,1,1,0,0,1,1,,,1,1,0,0,1,0,1,0,0,0,1,0,simple,admin,pdc,Default,simple,0,,,Product Info Column,1,Enabled,"Catalog, Search",Shipping,
8,AGNT900257,BSBSBS,Cal-C Vita Efferversent Tablet 10S 2+1 Offer Pack TST 7,0,MEDICINES,ALPHAMED,BestSeller,Cal-C Vita Efferversent Tablet 10S 2+1 Offer Pack TST 7,Cal-C Vita Efferversent Tablet 10S 2+1 Offer Pack TST 7,/agentx.png,/agentx.png,/agentx.png,100000,0,1,0,0,1,1,0,0,1,1,,,1,1,0,0,1,0,1,0,0,0,1,0,simple,admin,pdc,Default,simple,0,,,Product Info Column,1,Enabled,"Catalog, Search",Shipping,
8,AGNT900258,BSBSBS,Cal-C Vita Efferversent Tablet 10S 2+1 Offer Pack TST 7,0,MEDICINES,ALPHAMED,BestSeller,Cal-C Vita Efferversent Tablet 10S 2+1 Offer Pack TST 7,Cal-C Vita Efferversent Tablet 10S 2+1 Offer Pack TST 7,/agentx.png,/agentx.png,/agentx.png,100000,0,1,0,0,1,1,0,0,1,1,,,1,1,0,0,1,0,1,0,0,0,1,0,simple,admin,pdc,Default,simple,0,,,Product Info Column,1,Enabled,"Catalog, Search",Shipping,
8,AGNT900259,BSBSBS,Cal-C Vita Efferversent Tablet 10S 2+1 Offer Pack TST 7,0,MEDICINES,ALPHAMED,BestSeller,Cal-C Vita Efferversent Tablet 10S 2+1 Offer Pack TST 7,Cal-C Vita Efferversent Tablet 10S 2+1 Offer Pack TST 7,/agentx.png,/agentx.png,/agentx.png,100000,0,1,0,0,1,1,0,0,1,1,,,1,1,0,0,1,0,1,0,0,0,1,0,simple,admin,pdc,Default,simple,0,,,Product Info Column,1,Enabled,"Catalog, Search",Shipping,
8,AGNT900260,BSBSBS,Cal-C Vita Efferversent Tablet 10S 2+1 Offer Pack TST 7,0,MEDICINES,ALPHAMED,BestSeller,Cal-C Vita Efferversent Tablet 10S 2+1 Offer Pack TST 7,Cal-C Vita Efferversent Tablet 10S 2+1 Offer Pack TST 7,/agentx.png,/agentx.png,/agentx.png,100000,0,1,0,0,1,1,0,0,1,1,,,1,1,0,0,1,0,1,0,0,0,1,0,simple,admin,pdc,Default,simple,0,,,Product Info Column,1,Enabled,"Catalog, Search",Shipping,
8,AGNT900261,BSBSBS,Cal-C Vita Efferversent Tablet 10S 2+1 Offer Pack TST 7,0,MEDICINES,ALPHAMED,BestSeller,Cal-C Vita Efferversent Tablet 10S 2+1 Offer Pack TST 7,Cal-C Vita Efferversent Tablet 10S 2+1 Offer Pack TST 7,/agentx.png,/agentx.png,/agentx.png,100000,0,1,0,0,1,1,0,0,1,1,,,1,1,0,0,1,0,1,0,0,0,1,0,simple,admin,pdc,Default,simple,0,,,Product Info Column,1,Enabled,"Catalog, Search",Shipping,
8,AGNT900262,BSBSBS,Cal-C Vita Efferversent Tablet 10S 2+1 Offer Pack TST 7,0,MEDICINES,ALPHAMED,BestSeller,Cal-C Vita Efferversent Tablet 10S 2+1 Offer Pack TST 7,Cal-C Vita Efferversent Tablet 10S 2+1 Offer Pack TST 7,/agentx.png,/agentx.png,/agentx.png,100000,0,1,0,0,1,1,0,0,1,1,,,1,1,0,0,1,0,1,0,0,0,1,0,simple,admin,pdc,Default,simple,0,,,Product Info Column,1,Enabled,"Catalog, Search",Shipping,
8,AGNT900263,BSBSBS,Cal-C Vita Efferversent Tablet 10S 2+1 Offer Pack TST 7,0,MEDICINES,ALPHAMED,BestSeller,Cal-C Vita Efferversent Tablet 10S 2+1 Offer Pack TST 7,Cal-C Vita Efferversent Tablet 10S 2+1 Offer Pack TST 7,/agentx.png,/agentx.png,/agentx.png,100000,0,1,0,0,1,1,0,0,1,1,,,1,1,0,0,1,0,1,0,0,0,1,0,simple,admin,pdc,Default,simple,0,,,Product Info Column,1,Enabled,"Catalog, Search",Shipping,
8,AGNT900264,BSBSBS,Cal-C Vita Efferversent Tablet 10S 2+1 Offer Pack TST 7,0,MEDICINES,ALPHAMED,BestSeller,Cal-C Vita Efferversent Tablet 10S 2+1 Offer Pack TST 7,Cal-C Vita Efferversent Tablet 10S 2+1 Offer Pack TST 7,/agentx.png,/agentx.png,/agentx.png,100000,0,1,0,0,1,1,0,0,1,1,,,1,1,0,0,1,0,1,0,0,0,1,0,simple,admin,pdc,Default,simple,0,,,Product Info Column,1,Enabled,"Catalog, Search",Shipping,
8,AGNT900265,BSBSBS,Cal-C Vita Efferversent Tablet 10S 2+1 Offer Pack TST 7,0,MEDICINES,ALPHAMED,BestSeller,Cal-C Vita Efferversent Tablet 10S 2+1 Offer Pack TST 7,Cal-C Vita Efferversent Tablet 10S 2+1 Offer Pack TST 7,/agentx.png,/agentx.png,/agentx.png,100000,0,1,0,0,1,1,0,0,1,1,,,1,1,0,0,1,0,1,0,0,0,1,0,simple,admin,pdc,Default,simple,0,,,Product Info Column,1,Enabled,"Catalog, Search",Shipping,
8,AGNT900266,BSBSBS,Cal-C Vita Efferversent Tablet 10S 2+1 Offer Pack TST 7,0,MEDICINES,ALPHAMED,BestSeller,Cal-C Vita Efferversent Tablet 10S 2+1 Offer Pack TST 7,Cal-C Vita Efferversent Tablet 10S 2+1 Offer Pack TST 7,/agentx.png,/agentx.png,/agentx.png,100000,0,1,0,0,1,1,0,0,1,1,,,1,1,0,0,1,0,1,0,0,0,1,0,simple,admin,pdc,Default,simple,0,,,Product Info Column,1,Enabled,"Catalog, Search",Shipping,
8,AGNT900267,BSBSBS,Cal-C Vita Efferversent Tablet 10S 2+1 Offer Pack TST 7,0,MEDICINES,ALPHAMED,BestSeller,Cal-C Vita Efferversent Tablet 10S 2+1 Offer Pack TST 7,Cal-C Vita Efferversent Tablet 10S 2+1 Offer Pack TST 7,/agentx.png,/agentx.png,/agentx.png,100000,0,1,0,0,1,1,0,0,1,1,,,1,1,0,0,1,0,1,0,0,0,1,0,simple,admin,pdc,Default,simple,0,,,Product Info Column,1,Enabled,"Catalog, Search",Shipping,
8,AGNT900268,BSBSBS,Cal-C Vita Efferversent Tablet 10S 2+1 Offer Pack TST 7,0,MEDICINES,ALPHAMED,BestSeller,Cal-C Vita Efferversent Tablet 10S 2+1 Offer Pack TST 7,Cal-C Vita Efferversent Tablet 10S 2+1 Offer Pack TST 7,/agentx.png,/agentx.png,/agentx.png,100000,0,1,0,0,1,1,0,0,1,1,,,1,1,0,0,1,0,1,0,0,0,1,0,simple,admin,pdc,Default,simple,0,,,Product Info Column,1,Enabled,"Catalog, Search",Shipping,
8,AGNT900269,BSBSBS,Cal-C Vita Efferversent Tablet 10S 2+1 Offer Pack TST 7,0,MEDICINES,ALPHAMED,BestSeller,Cal-C Vita Efferversent Tablet 10S 2+1 Offer Pack TST 7,Cal-C Vita Efferversent Tablet 10S 2+1 Offer Pack TST 7,/agentx.png,/agentx.png,/agentx.png,100000,0,1,0,0,1,1,0,0,1,1,,,1,1,0,0,1,0,1,0,0,0,1,0,simple,admin,pdc,Default,simple,0,,,Product Info Column,1,Enabled,"Catalog, Search",Shipping,
8,AGNT900270,BSBSBS,Cal-C Vita Efferversent Tablet 10S 2+1 Offer Pack TST 7,0,MEDICINES,ALPHAMED,BestSeller,Cal-C Vita Efferversent Tablet 10S 2+1 Offer Pack TST 7,Cal-C Vita Efferversent Tablet 10S 2+1 Offer Pack TST 7,/agentx.png,/agentx.png,/agentx.png,100000,0,1,0,0,1,1,0,0,1,1,,,1,1,0,0,1,0,1,0,0,0,1,0,simple,admin,pdc,Default,simple,0,,,Product Info Column,1,Enabled,"Catalog, Search",Shipping,
8,AGNT900271,BSBSBS,Cal-C Vita Efferversent Tablet 10S 2+1 Offer Pack TST 7,0,MEDICINES,ALPHAMED,BestSeller,Cal-C Vita Efferversent Tablet 10S 2+1 Offer Pack TST 7,Cal-C Vita Efferversent Tablet 10S 2+1 Offer Pack TST 7,/agentx.png,/agentx.png,/agentx.png,100000,0,1,0,0,1,1,0,0,1,1,,,1,1,0,0,1,0,1,0,0,0,1,0,simple,admin,pdc,Default,simple,0,,,Product Info Column,1,Enabled,"Catalog, Search",Shipping,
8,AGNT900272,BSBSBS,Cal-C Vita Efferversent Tablet 10S 2+1 Offer Pack TST 7,0,MEDICINES,ALPHAMED,BestSeller,Cal-C Vita Efferversent Tablet 10S 2+1 Offer Pack TST 7,Cal-C Vita Efferversent Tablet 10S 2+1 Offer Pack TST 7,/agentx.png,/agentx.png,/agentx.png,100000,0,1,0,0,1,1,0,0,1,1,,,1,1,0,0,1,0,1,0,0,0,1,0,simple,admin,pdc,Default,simple,0,,,Product Info Column,1,Enabled,"Catalog, Search",Shipping,
8,AGNT900273,BSBSBS,Cal-C Vita Efferversent Tablet 10S 2+1 Offer Pack TST 7,0,MEDICINES,ALPHAMED,BestSeller,Cal-C Vita Efferversent Tablet 10S 2+1 Offer Pack TST 7,Cal-C Vita Efferversent Tablet 10S 2+1 Offer Pack TST 7,/agentx.png,/agentx.png,/agentx.png,100000,0,1,0,0,1,1,0,0,1,1,,,1,1,0,0,1,0,1,0,0,0,1,0,simple,admin,pdc,Default,simple,0,,,Product Info Column,1,Enabled,"Catalog, Search",Shipping,
8,AGNT900274,BSBSBS,Cal-C Vita Efferversent Tablet 10S 2+1 Offer Pack TST 7,0,MEDICINES,ALPHAMED,BestSeller,Cal-C Vita Efferversent Tablet 10S 2+1 Offer Pack TST 7,Cal-C Vita Efferversent Tablet 10S 2+1 Offer Pack TST 7,/agentx.png,/agentx.png,/agentx.png,100000,0,1,0,0,1,1,0,0,1,1,,,1,1,0,0,1,0,1,0,0,0,1,0,simple,admin,pdc,Default,simple,0,,,Product Info Column,1,Enabled,"Catalog, Search",Shipping,
8,AGNT900275,BSBSBS,Cal-C Vita Efferversent Tablet 10S 2+1 Offer Pack TST 7,0,MEDICINES,ALPHAMED,BestSeller,Cal-C Vita Efferversent Tablet 10S 2+1 Offer Pack TST 7,Cal-C Vita Efferversent Tablet 10S 2+1 Offer Pack TST 7,/agentx.png,/agentx.png,/agentx.png,100000,0,1,0,0,1,1,0,0,1,1,,,1,1,0,0,1,0,1,0,0,0,1,0,simple,admin,pdc,Default,simple,0,,,Product Info Column,1,Enabled,"Catalog, Search",Shipping,
8,AGNT900276,BSBSBS,Cal-C Vita Efferversent Tablet 10S 2+1 Offer Pack TST 7,0,MEDICINES,ALPHAMED,BestSeller,Cal-C Vita Efferversent Tablet 10S 2+1 Offer Pack TST 7,Cal-C Vita Efferversent Tablet 10S 2+1 Offer Pack TST 7,/agentx.png,/agentx.png,/agentx.png,100000,0,1,0,0,1,1,0,0,1,1,,,1,1,0,0,1,0,1,0,0,0,1,0,simple,admin,pdc,Default,simple,0,,,Product Info Column,1,Enabled,"Catalog, Search",Shipping,
8,AGNT900277,BSBSBS,Cal-C Vita Efferversent Tablet 10S 2+1 Offer Pack TST 7,0,MEDICINES,ALPHAMED,BestSeller,Cal-C Vita Efferversent Tablet 10S 2+1 Offer Pack TST 7,Cal-C Vita Efferversent Tablet 10S 2+1 Offer Pack TST 7,/agentx.png,/agentx.png,/agentx.png,100000,0,1,0,0,1,1,0,0,1,1,,,1,1,0,0,1,0,1,0,0,0,1,0,simple,admin,pdc,Default,simple,0,,,Product Info Column,1,Enabled,"Catalog, Search",Shipping,
8,AGNT900278,BSBSBS,Cal-C Vita Efferversent Tablet 10S 2+1 Offer Pack TST 7,0,MEDICINES,ALPHAMED,BestSeller,Cal-C Vita Efferversent Tablet 10S 2+1 Offer Pack TST 7,Cal-C Vita Efferversent Tablet 10S 2+1 Offer Pack TST 7,/agentx.png,/agentx.png,/agentx.png,100000,0,1,0,0,1,1,0,0,1,1,,,1,1,0,0,1,0,1,0,0,0,1,0,simple,admin,pdc,Default,simple,0,,,Product Info Column,1,Enabled,"Catalog, Search",Shipping,
8,AGNT900279,BSBSBS,Cal-C Vita Efferversent Tablet 10S 2+1 Offer Pack TST 7,0,MEDICINES,ALPHAMED,BestSeller,Cal-C Vita Efferversent Tablet 10S 2+1 Offer Pack TST 7,Cal-C Vita Efferversent Tablet 10S 2+1 Offer Pack TST 7,/agentx.png,/agentx.png,/agentx.png,100000,0,1,0,0,1,1,0,0,1,1,,,1,1,0,0,1,0,1,0,0,0,1,0,simple,admin,pdc,Default,simple,0,,,Product Info Column,1,Enabled,"Catalog, Search",Shipping,
8,AGNT900280,BSBSBS,Cal-C Vita Efferversent Tablet 10S 2+1 Offer Pack TST 7,0,MEDICINES,ALPHAMED,BestSeller,Cal-C Vita Efferversent Tablet 10S 2+1 Offer Pack TST 7,Cal-C Vita Efferversent Tablet 10S 2+1 Offer Pack TST 7,/agentx.png,/agentx.png,/agentx.png,100000,0,1,0,0,1,1,0,0,1,1,,,1,1,0,0,1,0,1,0,0,0,1,0,simple,admin,pdc,Default,simple,0,,,Product Info Column,1,Enabled,"Catalog, Search",Shipping,
8,AGNT900281,BSBSBS,Cal-C Vita Efferversent Tablet 10S 2+1 Offer Pack TST 7,0,MEDICINES,ALPHAMED,BestSeller,Cal-C Vita Efferversent Tablet 10S 2+1 Offer Pack TST 7,Cal-C Vita Efferversent Tablet 10S 2+1 Offer Pack TST 7,/agentx.png,/agentx.png,/agentx.png,100000,0,1,0,0,1,1,0,0,1,1,,,1,1,0,0,1,0,1,0,0,0,1,0,simple,admin,pdc,Default,simple,0,,,Product Info Column,1,Enabled,"Catalog, Search",Shipping,
8,AGNT900282,BSBSBS,Cal-C Vita Efferversent Tablet 10S 2+1 Offer Pack TST 7,0,MEDICINES,ALPHAMED,BestSeller,Cal-C Vita Efferversent Tablet 10S 2+1 Offer Pack TST 7,Cal-C Vita Efferversent Tablet 10S 2+1 Offer Pack TST 7,/agentx.png,/agentx.png,/agentx.png,100000,0,1,0,0,1,1,0,0,1,1,,,1,1,0,0,1,0,1,0,0,0,1,0,simple,admin,pdc,Default,simple,0,,,Product Info Column,1,Enabled,"Catalog, Search",Shipping,
8,AGNT900283,BSBSBS,Cal-C Vita Efferversent Tablet 10S 2+1 Offer Pack TST 7,0,MEDICINES,ALPHAMED,BestSeller,Cal-C Vita Efferversent Tablet 10S 2+1 Offer Pack TST 7,Cal-C Vita Efferversent Tablet 10S 2+1 Offer Pack TST 7,/agentx.png,/agentx.png,/agentx.png,100000,0,1,0,0,1,1,0,0,1,1,,,1,1,0,0,1,0,1,0,0,0,1,0,simple,admin,pdc,Default,simple,0,,,Product Info Column,1,Enabled,"Catalog, Search",Shipping,
8,AGNT900284,BSBSBS,Cal-C Vita Efferversent Tablet 10S 2+1 Offer Pack TST 7,0,MEDICINES,ALPHAMED,BestSeller,Cal-C Vita Efferversent Tablet 10S 2+1 Offer Pack TST 7,Cal-C Vita Efferversent Tablet 10S 2+1 Offer Pack TST 7,/agentx.png,/agentx.png,/agentx.png,100000,0,1,0,0,1,1,0,0,1,1,,,1,1,0,0,1,0,1,0,0,0,1,0,simple,admin,pdc,Default,simple,0,,,Product Info Column,1,Enabled,"Catalog, Search",Shipping,
8,AGNT900285,BSBSBS,Cal-C Vita Efferversent Tablet 10S 2+1 Offer Pack TST 7,0,MEDICINES,ALPHAMED,BestSeller,Cal-C Vita Efferversent Tablet 10S 2+1 Offer Pack TST 7,Cal-C Vita Efferversent Tablet 10S 2+1 Offer Pack TST 7,/agentx.png,/agentx.png,/agentx.png,100000,0,1,0,0,1,1,0,0,1,1,,,1,1,0,0,1,0,1,0,0,0,1,0,simple,admin,pdc,Default,simple,0,,,Product Info Column,1,Enabled,"Catalog, Search",Shipping,
8,AGNT900286,BSBSBS,Cal-C Vita Efferversent Tablet 10S 2+1 Offer Pack TST 7,0,MEDICINES,ALPHAMED,BestSeller,Cal-C Vita Efferversent Tablet 10S 2+1 Offer Pack TST 7,Cal-C Vita Efferversent Tablet 10S 2+1 Offer Pack TST 7,/agentx.png,/agentx.png,/agentx.png,100000,0,1,0,0,1,1,0,0,1,1,,,1,1,0,0,1,0,1,0,0,0,1,0,simple,admin,pdc,Default,simple,0,,,Product Info Column,1,Enabled,"Catalog, Search",Shipping,
8,AGNT900287,BSBSBS,Cal-C Vita Efferversent Tablet 10S 2+1 Offer Pack TST 7,0,MEDICINES,ALPHAMED,BestSeller,Cal-C Vita Efferversent Tablet 10S 2+1 Offer Pack TST 7,Cal-C Vita Efferversent Tablet 10S 2+1 Offer Pack TST 7,/agentx.png,/agentx.png,/agentx.png,100000,0,1,0,0,1,1,0,0,1,1,,,1,1,0,0,1,0,1,0,0,0,1,0,simple,admin,pdc,Default,simple,0,,,Product Info Column,1,Enabled,"Catalog, Search",Shipping,
8,AGNT900288,BSBSBS,Cal-C Vita Efferversent Tablet 10S 2+1 Offer Pack TST 7,0,MEDICINES,ALPHAMED,BestSeller,Cal-C Vita Efferversent Tablet 10S 2+1 Offer Pack TST 7,Cal-C Vita Efferversent Tablet 10S 2+1 Offer Pack TST 7,/agentx.png,/agentx.png,/agentx.png,100000,0,1,0,0,1,1,0,0,1,1,,,1,1,0,0,1,0,1,0,0,0,1,0,simple,admin,pdc,Default,simple,0,,,Product Info Column,1,Enabled,"Catalog, Search",Shipping,
8,AGNT900289,BSBSBS,Cal-C Vita Efferversent Tablet 10S 2+1 Offer Pack TST 7,0,MEDICINES,ALPHAMED,BestSeller,Cal-C Vita Efferversent Tablet 10S 2+1 Offer Pack TST 7,Cal-C Vita Efferversent Tablet 10S 2+1 Offer Pack TST 7,/agentx.png,/agentx.png,/agentx.png,100000,0,1,0,0,1,1,0,0,1,1,,,1,1,0,0,1,0,1,0,0,0,1,0,simple,admin,pdc,Default,simple,0,,,Product Info Column,1,Enabled,"Catalog, Search",Shipping,
8,AGNT900290,BSBSBS,Cal-C Vita Efferversent Tablet 10S 2+1 Offer Pack TST 7,0,MEDICINES,ALPHAMED,BestSeller,Cal-C Vita Efferversent Tablet 10S 2+1 Offer Pack TST 7,Cal-C Vita Efferversent Tablet 10S 2+1 Offer Pack TST 7,/agentx.png,/agentx.png,/agentx.png,100000,0,1,0,0,1,1,0,0,1,1,,,1,1,0,0,1,0,1,0,0,0,1,0,simple,admin,pdc,Default,simple,0,,,Product Info Column,1,Enabled,"Catalog, Search",Shipping,
8,AGNT900291,BSBSBS,Cal-C Vita Efferversent Tablet 10S 2+1 Offer Pack TST 7,0,MEDICINES,ALPHAMED,BestSeller,Cal-C Vita Efferversent Tablet 10S 2+1 Offer Pack TST 7,Cal-C Vita Efferversent Tablet 10S 2+1 Offer Pack TST 7,/agentx.png,/agentx.png,/agentx.png,100000,0,1,0,0,1,1,0,0,1,1,,,1,1,0,0,1,0,1,0,0,0,1,0,simple,admin,pdc,Default,simple,0,,,Product Info Column,1,Enabled,"Catalog, Search",Shipping,
8,AGNT900292,BSBSBS,Cal-C Vita Efferversent Tablet 10S 2+1 Offer Pack TST 7,0,MEDICINES,ALPHAMED,BestSeller,Cal-C Vita Efferversent Tablet 10S 2+1 Offer Pack TST 7,Cal-C Vita Efferversent Tablet 10S 2+1 Offer Pack TST 7,/agentx.png,/agentx.png,/agentx.png,100000,0,1,0,0,1,1,0,0,1,1,,,1,1,0,0,1,0,1,0,0,0,1,0,simple,admin,pdc,Default,simple,0,,,Product Info Column,1,Enabled,"Catalog, Search",Shipping,
8,AGNT900293,BSBSBS,Cal-C Vita Efferversent Tablet 10S 2+1 Offer Pack TST 7,0,MEDICINES,ALPHAMED,BestSeller,Cal-C Vita Efferversent Tablet 10S 2+1 Offer Pack TST 7,Cal-C Vita Efferversent Tablet 10S 2+1 Offer Pack TST 7,/agentx.png,/agentx.png,/agentx.png,100000,0,1,0,0,1,1,0,0,1,1,,,1,1,0,0,1,0,1,0,0,0,1,0,simple,admin,pdc,Default,simple,0,,,Product Info Column,1,Enabled,"Catalog, Search",Shipping,
8,AGNT900294,BSBSBS,Cal-C Vita Efferversent Tablet 10S 2+1 Offer Pack TST 7,0,MEDICINES,ALPHAMED,BestSeller,Cal-C Vita Efferversent Tablet 10S 2+1 Offer Pack TST 7,Cal-C Vita Efferversent Tablet 10S 2+1 Offer Pack TST 7,/agentx.png,/agentx.png,/agentx.png,100000,0,1,0,0,1,1,0,0,1,1,,,1,1,0,0,1,0,1,0,0,0,1,0,simple,admin,pdc,Default,simple,0,,,Product Info Column,1,Enabled,"Catalog, Search",Shipping,
8,AGNT900295,BSBSBS,Cal-C Vita Efferversent Tablet 10S 2+1 Offer Pack TST 7,0,MEDICINES,ALPHAMED,BestSeller,Cal-C Vita Efferversent Tablet 10S 2+1 Offer Pack TST 7,Cal-C Vita Efferversent Tablet 10S 2+1 Offer Pack TST 7,/agentx.png,/agentx.png,/agentx.png,100000,0,1,0,0,1,1,0,0,1,1,,,1,1,0,0,1,0,1,0,0,0,1,0,simple,admin,pdc,Default,simple,0,,,Product Info Column,1,Enabled,"Catalog, Search",Shipping,
8,AGNT900296,BSBSBS,Cal-C Vita Efferversent Tablet 10S 2+1 Offer Pack TST 7,0,MEDICINES,ALPHAMED,BestSeller,Cal-C Vita Efferversent Tablet 10S 2+1 Offer Pack TST 7,Cal-C Vita Efferversent Tablet 10S 2+1 Offer Pack TST 7,/agentx.png,/agentx.png,/agentx.png,100000,0,1,0,0,1,1,0,0,1,1,,,1,1,0,0,1,0,1,0,0,0,1,0,simple,admin,pdc,Default,simple,0,,,Product Info Column,1,Enabled,"Catalog, Search",Shipping,
8,AGNT900297,BSBSBS,Cal-C Vita Efferversent Tablet 10S 2+1 Offer Pack TST 7,0,MEDICINES,ALPHAMED,BestSeller,Cal-C Vita Efferversent Tablet 10S 2+1 Offer Pack TST 7,Cal-C Vita Efferversent Tablet 10S 2+1 Offer Pack TST 7,/agentx.png,/agentx.png,/agentx.png,100000,0,1,0,0,1,1,0,0,1,1,,,1,1,0,0,1,0,1,0,0,0,1,0,simple,admin,pdc,Default,simple,0,,,Product Info Column,1,Enabled,"Catalog, Search",Shipping,
8,AGNT900298,BSBSBS,Cal-C Vita Efferversent Tablet 10S 2+1 Offer Pack TST 7,0,MEDICINES,ALPHAMED,BestSeller,Cal-C Vita Efferversent Tablet 10S 2+1 Offer Pack TST 7,Cal-C Vita Efferversent Tablet 10S 2+1 Offer Pack TST 7,/agentx.png,/agentx.png,/agentx.png,100000,0,1,0,0,1,1,0,0,1,1,,,1,1,0,0,1,0,1,0,0,0,1,0,simple,admin,pdc,Default,simple,0,,,Product Info Column,1,Enabled,"Catalog, Search",Shipping,
8,AGNT900299,BSBSBS,Cal-C Vita Efferversent Tablet 10S 2+1 Offer Pack TST 7,0,MEDICINES,ALPHAMED,BestSeller,Cal-C Vita Efferversent Tablet 10S 2+1 Offer Pack TST 7,Cal-C Vita Efferversent Tablet 10S 2+1 Offer Pack TST 7,/agentx.png,/agentx.png,/agentx.png,100000,0,1,0,0,1,1,0,0,1,1,,,1,1,0,0,1,0,1,0,0,0,1,0,simple,admin,pdc,Default,simple,0,,,Product Info Column,1,Enabled,"Catalog, Search",Shipping,
8,AGNT900300,BSBSBS,Cal-C Vita Efferversent Tablet 10S 2+1 Offer Pack TST 7,0,MEDICINES,ALPHAMED,BestSeller,Cal-C Vita Efferversent Tablet 10S 2+1 Offer Pack TST 7,Cal-C Vita Efferversent Tablet 10S 2+1 Offer Pack TST 7,/agentx.png,/agentx.png,/agentx.png,100000,0,1,0,0,1,1,0,0,1,1,,,1,1,0,0,1,0,1,0,0,0,1,0,simple,admin,pdc,Default,simple,0,,,Product Info Column,1,Enabled,"Catalog, Search",Shipping,
8,AGNT900301,BSBSBS,Cal-C Vita Efferversent Tablet 10S 2+1 Offer Pack TST 7,0,MEDICINES,ALPHAMED,BestSeller,Cal-C Vita Efferversent Tablet 10S 2+1 Offer Pack TST 7,Cal-C Vita Efferversent Tablet 10S 2+1 Offer Pack TST 7,/agentx.png,/agentx.png,/agentx.png,100000,0,1,0,0,1,1,0,0,1,1,,,1,1,0,0,1,0,1,0,0,0,1,0,simple,admin,pdc,Default,simple,0,,,Product Info Column,1,Enabled,"Catalog, Search",Shipping,
8,AGNT900302,BSBSBS,Cal-C Vita Efferversent Tablet 10S 2+1 Offer Pack TST 7,0,MEDICINES,ALPHAMED,BestSeller,Cal-C Vita Efferversent Tablet 10S 2+1 Offer Pack TST 7,Cal-C Vita Efferversent Tablet 10S 2+1 Offer Pack TST 7,/agentx.png,/agentx.png,/agentx.png,100000,0,1,0,0,1,1,0,0,1,1,,,1,1,0,0,1,0,1,0,0,0,1,0,simple,admin,pdc,Default,simple,0,,,Product Info Column,1,Enabled,"Catalog, Search",Shipping,
8,AGNT900303,BSBSBS,Cal-C Vita Efferversent Tablet 10S 2+1 Offer Pack TST 7,0,MEDICINES,ALPHAMED,BestSeller,Cal-C Vita Efferversent Tablet 10S 2+1 Offer Pack TST 7,Cal-C Vita Efferversent Tablet 10S 2+1 Offer Pack TST 7,/agentx.png,/agentx.png,/agentx.png,100000,0,1,0,0,1,1,0,0,1,1,,,1,1,0,0,1,0,1,0,0,0,1,0,simple,admin,pdc,Default,simple,0,,,Product Info Column,1,Enabled,"Catalog, Search",Shipping,
8,AGNT900304,BSBSBS,Cal-C Vita Efferversent Tablet 10S 2+1 Offer Pack TST 7,0,MEDICINES,ALPHAMED,BestSeller,Cal-C Vita Efferversent Tablet 10S 2+1 Offer Pack TST 7,Cal-C Vita Efferversent Tablet 10S 2+1 Offer Pack TST 7,/agentx.png,/agentx.png,/agentx.png,100000,0,1,0,0,1,1,0,0,1,1,,,1,1,0,0,1,0,1,0,0,0,1,0,simple,admin,pdc,Default,simple,0,,,Product Info Column,1,Enabled,"Catalog, Search",Shipping,
8,AGNT900305,BSBSBS,Cal-C Vita Efferversent Tablet 10S 2+1 Offer Pack TST 7,0,MEDICINES,ALPHAMED,BestSeller,Cal-C Vita Efferversent Tablet 10S 2+1 Offer Pack TST 7,Cal-C Vita Efferversent Tablet 10S 2+1 Offer Pack TST 7,/agentx.png,/agentx.png,/agentx.png,100000,0,1,0,0,1,1,0,0,1,1,,,1,1,0,0,1,0,1,0,0,0,1,0,simple,admin,pdc,Default,simple,0,,,Product Info Column,1,Enabled,"Catalog, Search",Shipping,
8,AGNT900306,BSBSBS,Cal-C Vita Efferversent Tablet 10S 2+1 Offer Pack TST 7,0,MEDICINES,ALPHAMED,BestSeller,Cal-C Vita Efferversent Tablet 10S 2+1 Offer Pack TST 7,Cal-C Vita Efferversent Tablet 10S 2+1 Offer Pack TST 7,/agentx.png,/agentx.png,/agentx.png,100000,0,1,0,0,1,1,0,0,1,1,,,1,1,0,0,1,0,1,0,0,0,1,0,simple,admin,pdc,Default,simple,0,,,Product Info Column,1,Enabled,"Catalog, Search",Shipping,
8,AGNT900307,BSBSBS,Cal-C Vita Efferversent Tablet 10S 2+1 Offer Pack TST 7,0,MEDICINES,ALPHAMED,BestSeller,Cal-C Vita Efferversent Tablet 10S 2+1 Offer Pack TST 7,Cal-C Vita Efferversent Tablet 10S 2+1 Offer Pack TST 7,/agentx.png,/agentx.png,/agentx.png,100000,0,1,0,0,1,1,0,0,1,1,,,1,1,0,0,1,0,1,0,0,0,1,0,simple,admin,pdc,Default,simple,0,,,Product Info Column,1,Enabled,"Catalog, Search",Shipping,
8,AGNT900308,BSBSBS,Cal-C Vita Efferversent Tablet 10S 2+1 Offer Pack TST 7,0,MEDICINES,ALPHAMED,BestSeller,Cal-C Vita Efferversent Tablet 10S 2+1 Offer Pack TST 7,Cal-C Vita Efferversent Tablet 10S 2+1 Offer Pack TST 7,/agentx.png,/agentx.png,/agentx.png,100000,0,1,0,0,1,1,0,0,1,1,,,1,1,0,0,1,0,1,0,0,0,1,0,simple,admin,pdc,Default,simple,0,,,Product Info Column,1,Enabled,"Catalog, Search",Shipping,
8,AGNT900309,BSBSBS,Cal-C Vita Efferversent Tablet 10S 2+1 Offer Pack TST 7,0,MEDICINES,ALPHAMED,BestSeller,Cal-C Vita Efferversent Tablet 10S 2+1 Offer Pack TST 7,Cal-C Vita Efferversent Tablet 10S 2+1 Offer Pack TST 7,/agentx.png,/agentx.png,/agentx.png,100000,0,1,0,0,1,1,0,0,1,1,,,1,1,0,0,1,0,1,0,0,0,1,0,simple,admin,pdc,Default,simple,0,,,Product Info Column,1,Enabled,"Catalog, Search",Shipping,
8,AGNT900310,BSBSBS,Cal-C Vita Efferversent Tablet 10S 2+1 Offer Pack TST 7,0,MEDICINES,ALPHAMED,BestSeller,Cal-C Vita Efferversent Tablet 10S 2+1 Offer Pack TST 7,Cal-C Vita Efferversent Tablet 10S 2+1 Offer Pack TST 7,/agentx.png,/agentx.png,/agentx.png,100000,0,1,0,0,1,1,0,0,1,1,,,1,1,0,0,1,0,1,0,0,0,1,0,simple,admin,pdc,Default,simple,0,,,Product Info Column,1,Enabled,"Catalog, Search",Shipping,
8,AGNT900311,BSBSBS,Cal-C Vita Efferversent Tablet 10S 2+1 Offer Pack TST 7,0,MEDICINES,ALPHAMED,BestSeller,Cal-C Vita Efferversent Tablet 10S 2+1 Offer Pack TST 7,Cal-C Vita Efferversent Tablet 10S 2+1 Offer Pack TST 7,/agentx.png,/agentx.png,/agentx.png,100000,0,1,0,0,1,1,0,0,1,1,,,1,1,0,0,1,0,1,0,0,0,1,0,simple,admin,pdc,Default,simple,0,,,Product Info Column,1,Enabled,"Catalog, Search",Shipping,
8,AGNT900312,BSBSBS,Cal-C Vita Efferversent Tablet 10S 2+1 Offer Pack TST 7,0,MEDICINES,ALPHAMED,BestSeller,Cal-C Vita Efferversent Tablet 10S 2+1 Offer Pack TST 7,Cal-C Vita Efferversent Tablet 10S 2+1 Offer Pack TST 7,/agentx.png,/agentx.png,/agentx.png,100000,0,1,0,0,1,1,0,0,1,1,,,1,1,0,0,1,0,1,0,0,0,1,0,simple,admin,pdc,Default,simple,0,,,Product Info Column,1,Enabled,"Catalog, Search",Shipping,
8,AGNT900313,BSBSBS,Cal-C Vita Efferversent Tablet 10S 2+1 Offer Pack TST 7,0,MEDICINES,ALPHAMED,BestSeller,Cal-C Vita Efferversent Tablet 10S 2+1 Offer Pack TST 7,Cal-C Vita Efferversent Tablet 10S 2+1 Offer Pack TST 7,/agentx.png,/agentx.png,/agentx.png,100000,0,1,0,0,1,1,0,0,1,1,,,1,1,0,0,1,0,1,0,0,0,1,0,simple,admin,pdc,Default,simple,0,,,Product Info Column,1,Enabled,"Catalog, Search",Shipping,
8,AGNT900314,BSBSBS,Cal-C Vita Efferversent Tablet 10S 2+1 Offer Pack TST 7,0,MEDICINES,ALPHAMED,BestSeller,Cal-C Vita Efferversent Tablet 10S 2+1 Offer Pack TST 7,Cal-C Vita Efferversent Tablet 10S 2+1 Offer Pack TST 7,/agentx.png,/agentx.png,/agentx.png,100000,0,1,0,0,1,1,0,0,1,1,,,1,1,0,0,1,0,1,0,0,0,1,0,simple,admin,pdc,Default,simple,0,,,Product Info Column,1,Enabled,"Catalog, Search",Shipping,
8,AGNT900315,BSBSBS,Cal-C Vita Efferversent Tablet 10S 2+1 Offer Pack TST 7,0,MEDICINES,ALPHAMED,BestSeller,Cal-C Vita Efferversent Tablet 10S 2+1 Offer Pack TST 7,Cal-C Vita Efferversent Tablet 10S 2+1 Offer Pack TST 7,/agentx.png,/agentx.png,/agentx.png,100000,0,1,0,0,1,1,0,0,1,1,,,1,1,0,0,1,0,1,0,0,0,1,0,simple,admin,pdc,Default,simple,0,,,Product Info Column,1,Enabled,"Catalog, Search",Shipping,
8,AGNT900316,BSBSBS,Cal-C Vita Efferversent Tablet 10S 2+1 Offer Pack TST 7,0,MEDICINES,ALPHAMED,BestSeller,Cal-C Vita Efferversent Tablet 10S 2+1 Offer Pack TST 7,Cal-C Vita Efferversent Tablet 10S 2+1 Offer Pack TST 7,/agentx.png,/agentx.png,/agentx.png,100000,0,1,0,0,1,1,0,0,1,1,,,1,1,0,0,1,0,1,0,0,0,1,0,simple,admin,pdc,Default,simple,0,,,Product Info Column,1,Enabled,"Catalog, Search",Shipping,
8,AGNT900317,BSBSBS,Cal-C Vita Efferversent Tablet 10S 2+1 Offer Pack TST 7,0,MEDICINES,ALPHAMED,BestSeller,Cal-C Vita Efferversent Tablet 10S 2+1 Offer Pack TST 7,Cal-C Vita Efferversent Tablet 10S 2+1 Offer Pack TST 7,/agentx.png,/agentx.png,/agentx.png,100000,0,1,0,0,1,1,0,0,1,1,,,1,1,0,0,1,0,1,0,0,0,1,0,simple,admin,pdc,Default,simple,0,,,Product Info Column,1,Enabled,"Catalog, Search",Shipping,
8,AGNT900318,BSBSBS,Cal-C Vita Efferversent Tablet 10S 2+1 Offer Pack TST 7,0,MEDICINES,ALPHAMED,BestSeller,Cal-C Vita Efferversent Tablet 10S 2+1 Offer Pack TST 7,Cal-C Vita Efferversent Tablet 10S 2+1 Offer Pack TST 7,/agentx.png,/agentx.png,/agentx.png,100000,0,1,0,0,1,1,0,0,1,1,,,1,1,0,0,1,0,1,0,0,0,1,0,simple,admin,pdc,Default,simple,0,,,Product Info Column,1,Enabled,"Catalog, Search",Shipping,
8,AGNT900319,BSBSBS,Cal-C Vita Efferversent Tablet 10S 2+1 Offer Pack TST 7,0,MEDICINES,ALPHAMED,BestSeller,Cal-C Vita Efferversent Tablet 10S 2+1 Offer Pack TST 7,Cal-C Vita Efferversent Tablet 10S 2+1 Offer Pack TST 7,/agentx.png,/agentx.png,/agentx.png,100000,0,1,0,0,1,1,0,0,1,1,,,1,1,0,0,1,0,1,0,0,0,1,0,simple,admin,pdc,Default,simple,0,,,Product Info Column,1,Enabled,"Catalog, Search",Shipping,
8,AGNT900320,BSBSBS,Cal-C Vita Efferversent Tablet 10S 2+1 Offer Pack TST 7,0,MEDICINES,ALPHAMED,BestSeller,Cal-C Vita Efferversent Tablet 10S 2+1 Offer Pack TST 7,Cal-C Vita Efferversent Tablet 10S 2+1 Offer Pack TST 7,/agentx.png,/agentx.png,/agentx.png,100000,0,1,0,0,1,1,0,0,1,1,,,1,1,0,0,1,0,1,0,0,0,1,0,simple,admin,pdc,Default,simple,0,,,Product Info Column,1,Enabled,"Catalog, Search",Shipping,
8,AGNT900321,BSBSBS,Cal-C Vita Efferversent Tablet 10S 2+1 Offer Pack TST 7,0,MEDICINES,ALPHAMED,BestSeller,Cal-C Vita Efferversent Tablet 10S 2+1 Offer Pack TST 7,Cal-C Vita Efferversent Tablet 10S 2+1 Offer Pack TST 7,/agentx.png,/agentx.png,/agentx.png,100000,0,1,0,0,1,1,0,0,1,1,,,1,1,0,0,1,0,1,0,0,0,1,0,simple,admin,pdc,Default,simple,0,,,Product Info Column,1,Enabled,"Catalog, Search",Shipping,
8,AGNT900322,BSBSBS,Cal-C Vita Efferversent Tablet 10S 2+1 Offer Pack TST 7,0,MEDICINES,ALPHAMED,BestSeller,Cal-C Vita Efferversent Tablet 10S 2+1 Offer Pack TST 7,Cal-C Vita Efferversent Tablet 10S 2+1 Offer Pack TST 7,/agentx.png,/agentx.png,/agentx.png,100000,0,1,0,0,1,1,0,0,1,1,,,1,1,0,0,1,0,1,0,0,0,1,0,simple,admin,pdc,Default,simple,0,,,Product Info Column,1,Enabled,"Catalog, Search",Shipping,
8,AGNT900323,BSBSBS,Cal-C Vita Efferversent Tablet 10S 2+1 Offer Pack TST 7,0,MEDICINES,ALPHAMED,BestSeller,Cal-C Vita Efferversent Tablet 10S 2+1 Offer Pack TST 7,Cal-C Vita Efferversent Tablet 10S 2+1 Offer Pack TST 7,/agentx.png,/agentx.png,/agentx.png,100000,0,1,0,0,1,1,0,0,1,1,,,1,1,0,0,1,0,1,0,0,0,1,0,simple,admin,pdc,Default,simple,0,,,Product Info Column,1,Enabled,"Catalog, Search",Shipping,
8,AGNT900324,BSBSBS,Cal-C Vita Efferversent Tablet 10S 2+1 Offer Pack TST 7,0,MEDICINES,ALPHAMED,BestSeller,Cal-C Vita Efferversent Tablet 10S 2+1 Offer Pack TST 7,Cal-C Vita Efferversent Tablet 10S 2+1 Offer Pack TST 7,/agentx.png,/agentx.png,/agentx.png,100000,0,1,0,0,1,1,0,0,1,1,,,1,1,0,0,1,0,1,0,0,0,1,0,simple,admin,pdc,Default,simple,0,,,Product Info Column,1,Enabled,"Catalog, Search",Shipping,
8,AGNT900325,BSBSBS,Cal-C Vita Efferversent Tablet 10S 2+1 Offer Pack TST 7,0,MEDICINES,ALPHAMED,BestSeller,Cal-C Vita Efferversent Tablet 10S 2+1 Offer Pack TST 7,Cal-C Vita Efferversent Tablet 10S 2+1 Offer Pack TST 7,/agentx.png,/agentx.png,/agentx.png,100000,0,1,0,0,1,1,0,0,1,1,,,1,1,0,0,1,0,1,0,0,0,1,0,simple,admin,pdc,Default,simple,0,,,Product Info Column,1,Enabled,"Catalog, Search",Shipping,
8,AGNT900326,BSBSBS,Cal-C Vita Efferversent Tablet 10S 2+1 Offer Pack TST 7,0,MEDICINES,ALPHAMED,BestSeller,Cal-C Vita Efferversent Tablet 10S 2+1 Offer Pack TST 7,Cal-C Vita Efferversent Tablet 10S 2+1 Offer Pack TST 7,/agentx.png,/agentx.png,/agentx.png,100000,0,1,0,0,1,1,0,0,1,1,,,1,1,0,0,1,0,1,0,0,0,1,0,simple,admin,pdc,Default,simple,0,,,Product Info Column,1,Enabled,"Catalog, Search",Shipping,
8,AGNT900327,BSBSBS,Cal-C Vita Efferversent Tablet 10S 2+1 Offer Pack TST 7,0,MEDICINES,ALPHAMED,BestSeller,Cal-C Vita Efferversent Tablet 10S 2+1 Offer Pack TST 7,Cal-C Vita Efferversent Tablet 10S 2+1 Offer Pack TST 7,/agentx.png,/agentx.png,/agentx.png,100000,0,1,0,0,1,1,0,0,1,1,,,1,1,0,0,1,0,1,0,0,0,1,0,simple,admin,pdc,Default,simple,0,,,Product Info Column,1,Enabled,"Catalog, Search",Shipping,
8,AGNT900328,BSBSBS,Cal-C Vita Efferversent Tablet 10S 2+1 Offer Pack TST 7,0,MEDICINES,ALPHAMED,BestSeller,Cal-C Vita Efferversent Tablet 10S 2+1 Offer Pack TST 7,Cal-C Vita Efferversent Tablet 10S 2+1 Offer Pack TST 7,/agentx.png,/agentx.png,/agentx.png,100000,0,1,0,0,1,1,0,0,1,1,,,1,1,0,0,1,0,1,0,0,0,1,0,simple,admin,pdc,Default,simple,0,,,Product Info Column,1,Enabled,"Catalog, Search",Shipping,
8,AGNT900329,BSBSBS,Cal-C Vita Efferversent Tablet 10S 2+1 Offer Pack TST 7,0,MEDICINES,ALPHAMED,BestSeller,Cal-C Vita Efferversent Tablet 10S 2+1 Offer Pack TST 7,Cal-C Vita Efferversent Tablet 10S 2+1 Offer Pack TST 7,/agentx.png,/agentx.png,/agentx.png,100000,0,1,0,0,1,1,0,0,1,1,,,1,1,0,0,1,0,1,0,0,0,1,0,simple,admin,pdc,Default,simple,0,,,Product Info Column,1,Enabled,"Catalog, Search",Shipping,
8,AGNT900330,BSBSBS,Cal-C Vita Efferversent Tablet 10S 2+1 Offer Pack TST 7,0,MEDICINES,ALPHAMED,BestSeller,Cal-C Vita Efferversent Tablet 10S 2+1 Offer Pack TST 7,Cal-C Vita Efferversent Tablet 10S 2+1 Offer Pack TST 7,/agentx.png,/agentx.png,/agentx.png,100000,0,1,0,0,1,1,0,0,1,1,,,1,1,0,0,1,0,1,0,0,0,1,0,simple,admin,pdc,Default,simple,0,,,Product Info Column,1,Enabled,"Catalog, Search",Shipping,
8,AGNT900331,BSBSBS,Cal-C Vita Efferversent Tablet 10S 2+1 Offer Pack TST 7,0,MEDICINES,ALPHAMED,BestSeller,Cal-C Vita Efferversent Tablet 10S 2+1 Offer Pack TST 7,Cal-C Vita Efferversent Tablet 10S 2+1 Offer Pack TST 7,/agentx.png,/agentx.png,/agentx.png,100000,0,1,0,0,1,1,0,0,1,1,,,1,1,0,0,1,0,1,0,0,0,1,0,simple,admin,pdc,Default,simple,0,,,Product Info Column,1,Enabled,"Catalog, Search",Shipping,
8,AGNT900332,BSBSBS,Cal-C Vita Efferversent Tablet 10S 2+1 Offer Pack TST 7,0,MEDICINES,ALPHAMED,BestSeller,Cal-C Vita Efferversent Tablet 10S 2+1 Offer Pack TST 7,Cal-C Vita Efferversent Tablet 10S 2+1 Offer Pack TST 7,/agentx.png,/agentx.png,/agentx.png,100000,0,1,0,0,1,1,0,0,1,1,,,1,1,0,0,1,0,1,0,0,0,1,0,simple,admin,pdc,Default,simple,0,,,Product Info Column,1,Enabled,"Catalog, Search",Shipping,
8,AGNT900333,BSBSBS,Cal-C Vita Efferversent Tablet 10S 2+1 Offer Pack TST 7,0,MEDICINES,ALPHAMED,BestSeller,Cal-C Vita Efferversent Tablet 10S 2+1 Offer Pack TST 7,Cal-C Vita Efferversent Tablet 10S 2+1 Offer Pack TST 7,/agentx.png,/agentx.png,/agentx.png,100000,0,1,0,0,1,1,0,0,1,1,,,1,1,0,0,1,0,1,0,0,0,1,0,simple,admin,pdc,Default,simple,0,,,Product Info Column,1,Enabled,"Catalog, Search",Shipping,
8,AGNT900334,BSBSBS,Cal-C Vita Efferversent Tablet 10S 2+1 Offer Pack TST 7,0,MEDICINES,ALPHAMED,BestSeller,Cal-C Vita Efferversent Tablet 10S 2+1 Offer Pack TST 7,Cal-C Vita Efferversent Tablet 10S 2+1 Offer Pack TST 7,/agentx.png,/agentx.png,/agentx.png,100000,0,1,0,0,1,1,0,0,1,1,,,1,1,0,0,1,0,1,0,0,0,1,0,simple,admin,pdc,Default,simple,0,,,Product Info Column,1,Enabled,"Catalog, Search",Shipping,
8,AGNT900335,BSBSBS,Cal-C Vita Efferversent Tablet 10S 2+1 Offer Pack TST 7,0,MEDICINES,ALPHAMED,BestSeller,Cal-C Vita Efferversent Tablet 10S 2+1 Offer Pack TST 7,Cal-C Vita Efferversent Tablet 10S 2+1 Offer Pack TST 7,/agentx.png,/agentx.png,/agentx.png,100000,0,1,0,0,1,1,0,0,1,1,,,1,1,0,0,1,0,1,0,0,0,1,0,simple,admin,pdc,Default,simple,0,,,Product Info Column,1,Enabled,"Catalog, Search",Shipping,
8,AGNT900336,BSBSBS,Cal-C Vita Efferversent Tablet 10S 2+1 Offer Pack TST 7,0,MEDICINES,ALPHAMED,BestSeller,Cal-C Vita Efferversent Tablet 10S 2+1 Offer Pack TST 7,Cal-C Vita Efferversent Tablet 10S 2+1 Offer Pack TST 7,/agentx.png,/agentx.png,/agentx.png,100000,0,1,0,0,1,1,0,0,1,1,,,1,1,0,0,1,0,1,0,0,0,1,0,simple,admin,pdc,Default,simple,0,,,Product Info Column,1,Enabled,"Catalog, Search",Shipping,
8,AGNT900337,BSBSBS,Cal-C Vita Efferversent Tablet 10S 2+1 Offer Pack TST 7,0,MEDICINES,ALPHAMED,BestSeller,Cal-C Vita Efferversent Tablet 10S 2+1 Offer Pack TST 7,Cal-C Vita Efferversent Tablet 10S 2+1 Offer Pack TST 7,/agentx.png,/agentx.png,/agentx.png,100000,0,1,0,0,1,1,0,0,1,1,,,1,1,0,0,1,0,1,0,0,0,1,0,simple,admin,pdc,Default,simple,0,,,Product Info Column,1,Enabled,"Catalog, Search",Shipping,
8,AGNT900338,BSBSBS,Cal-C Vita Efferversent Tablet 10S 2+1 Offer Pack TST 7,0,MEDICINES,ALPHAMED,BestSeller,Cal-C Vita Efferversent Tablet 10S 2+1 Offer Pack TST 7,Cal-C Vita Efferversent Tablet 10S 2+1 Offer Pack TST 7,/agentx.png,/agentx.png,/agentx.png,100000,0,1,0,0,1,1,0,0,1,1,,,1,1,0,0,1,0,1,0,0,0,1,0,simple,admin,pdc,Default,simple,0,,,Product Info Column,1,Enabled,"Catalog, Search",Shipping,
8,AGNT900339,BSBSBS,Cal-C Vita Efferversent Tablet 10S 2+1 Offer Pack TST 7,0,MEDICINES,ALPHAMED,BestSeller,Cal-C Vita Efferversent Tablet 10S 2+1 Offer Pack TST 7,Cal-C Vita Efferversent Tablet 10S 2+1 Offer Pack TST 7,/agentx.png,/agentx.png,/agentx.png,100000,0,1,0,0,1,1,0,0,1,1,,,1,1,0,0,1,0,1,0,0,0,1,0,simple,admin,pdc,Default,simple,0,,,Product Info Column,1,Enabled,"Catalog, Search",Shipping,
8,AGNT900340,BSBSBS,Cal-C Vita Efferversent Tablet 10S 2+1 Offer Pack TST 7,0,MEDICINES,ALPHAMED,BestSeller,Cal-C Vita Efferversent Tablet 10S 2+1 Offer Pack TST 7,Cal-C Vita Efferversent Tablet 10S 2+1 Offer Pack TST 7,/agentx.png,/agentx.png,/agentx.png,100000,0,1,0,0,1,1,0,0,1,1,,,1,1,0,0,1,0,1,0,0,0,1,0,simple,admin,pdc,Default,simple,0,,,Product Info Column,1,Enabled,"Catalog, Search",Shipping,
8,AGNT900341,BSBSBS,Cal-C Vita Efferversent Tablet 10S 2+1 Offer Pack TST 7,0,MEDICINES,ALPHAMED,BestSeller,Cal-C Vita Efferversent Tablet 10S 2+1 Offer Pack TST 7,Cal-C Vita Efferversent Tablet 10S 2+1 Offer Pack TST 7,/agentx.png,/agentx.png,/agentx.png,100000,0,1,0,0,1,1,0,0,1,1,,,1,1,0,0,1,0,1,0,0,0,1,0,simple,admin,pdc,Default,simple,0,,,Product Info Column,1,Enabled,"Catalog, Search",Shipping,
8,AGNT900342,BSBSBS,Cal-C Vita Efferversent Tablet 10S 2+1 Offer Pack TST 7,0,MEDICINES,ALPHAMED,BestSeller,Cal-C Vita Efferversent Tablet 10S 2+1 Offer Pack TST 7,Cal-C Vita Efferversent Tablet 10S 2+1 Offer Pack TST 7,/agentx.png,/agentx.png,/agentx.png,100000,0,1,0,0,1,1,0,0,1,1,,,1,1,0,0,1,0,1,0,0,0,1,0,simple,admin,pdc,Default,simple,0,,,Product Info Column,1,Enabled,"Catalog, Search",Shipping,
8,AGNT900343,BSBSBS,Cal-C Vita Efferversent Tablet 10S 2+1 Offer Pack TST 7,0,MEDICINES,ALPHAMED,BestSeller,Cal-C Vita Efferversent Tablet 10S 2+1 Offer Pack TST 7,Cal-C Vita Efferversent Tablet 10S 2+1 Offer Pack TST 7,/agentx.png,/agentx.png,/agentx.png,100000,0,1,0,0,1,1,0,0,1,1,,,1,1,0,0,1,0,1,0,0,0,1,0,simple,admin,pdc,Default,simple,0,,,Product Info Column,1,Enabled,"Catalog, Search",Shipping,
8,AGNT900344,BSBSBS,Cal-C Vita Efferversent Tablet 10S 2+1 Offer Pack TST 7,0,MEDICINES,ALPHAMED,BestSeller,Cal-C Vita Efferversent Tablet 10S 2+1 Offer Pack TST 7,Cal-C Vita Efferversent Tablet 10S 2+1 Offer Pack TST 7,/agentx.png,/agentx.png,/agentx.png,100000,0,1,0,0,1,1,0,0,1,1,,,1,1,0,0,1,0,1,0,0,0,1,0,simple,admin,pdc,Default,simple,0,,,Product Info Column,1,Enabled,"Catalog, Search",Shipping,
8,AGNT900345,BSBSBS,Cal-C Vita Efferversent Tablet 10S 2+1 Offer Pack TST 7,0,MEDICINES,ALPHAMED,BestSeller,Cal-C Vita Efferversent Tablet 10S 2+1 Offer Pack TST 7,Cal-C Vita Efferversent Tablet 10S 2+1 Offer Pack TST 7,/agentx.png,/agentx.png,/agentx.png,100000,0,1,0,0,1,1,0,0,1,1,,,1,1,0,0,1,0,1,0,0,0,1,0,simple,admin,pdc,Default,simple,0,,,Product Info Column,1,Enabled,"Catalog, Search",Shipping,
8,AGNT900346,BSBSBS,Cal-C Vita Efferversent Tablet 10S 2+1 Offer Pack TST 7,0,MEDICINES,ALPHAMED,BestSeller,Cal-C Vita Efferversent Tablet 10S 2+1 Offer Pack TST 7,Cal-C Vita Efferversent Tablet 10S 2+1 Offer Pack TST 7,/agentx.png,/agentx.png,/agentx.png,100000,0,1,0,0,1,1,0,0,1,1,,,1,1,0,0,1,0,1,0,0,0,1,0,simple,admin,pdc,Default,simple,0,,,Product Info Column,1,Enabled,"Catalog, Search",Shipping,
8,AGNT900347,BSBSBS,Cal-C Vita Efferversent Tablet 10S 2+1 Offer Pack TST 7,0,MEDICINES,ALPHAMED,BestSeller,Cal-C Vita Efferversent Tablet 10S 2+1 Offer Pack TST 7,Cal-C Vita Efferversent Tablet 10S 2+1 Offer Pack TST 7,/agentx.png,/agentx.png,/agentx.png,100000,0,1,0,0,1,1,0,0,1,1,,,1,1,0,0,1,0,1,0,0,0,1,0,simple,admin,pdc,Default,simple,0,,,Product Info Column,1,Enabled,"Catalog, Search",Shipping,
8,AGNT900348,BSBSBS,Cal-C Vita Efferversent Tablet 10S 2+1 Offer Pack TST 7,0,MEDICINES,ALPHAMED,BestSeller,Cal-C Vita Efferversent Tablet 10S 2+1 Offer Pack TST 7,Cal-C Vita Efferversent Tablet 10S 2+1 Offer Pack TST 7,/agentx.png,/agentx.png,/agentx.png,100000,0,1,0,0,1,1,0,0,1,1,,,1,1,0,0,1,0,1,0,0,0,1,0,simple,admin,pdc,Default,simple,0,,,Product Info Column,1,Enabled,"Catalog, Search",Shipping,
8,AGNT900349,BSBSBS,Cal-C Vita Efferversent Tablet 10S 2+1 Offer Pack TST 7,0,MEDICINES,ALPHAMED,BestSeller,Cal-C Vita Efferversent Tablet 10S 2+1 Offer Pack TST 7,Cal-C Vita Efferversent Tablet 10S 2+1 Offer Pack TST 7,/agentx.png,/agentx.png,/agentx.png,100000,0,1,0,0,1,1,0,0,1,1,,,1,1,0,0,1,0,1,0,0,0,1,0,simple,admin,pdc,Default,simple,0,,,Product Info Column,1,Enabled,"Catalog, Search",Shipping,
8,AGNT900350,BSBSBS,Cal-C Vita Efferversent Tablet 10S 2+1 Offer Pack TST 7,0,MEDICINES,ALPHAMED,BestSeller,Cal-C Vita Efferversent Tablet 10S 2+1 Offer Pack TST 7,Cal-C Vita Efferversent Tablet 10S 2+1 Offer Pack TST 7,/agentx.png,/agentx.png,/agentx.png,100000,0,1,0,0,1,1,0,0,1,1,,,1,1,0,0,1,0,1,0,0,0,1,0,simple,admin,pdc,Default,simple,0,,,Product Info Column,1,Enabled,"Catalog, Search",Shipping,
8,AGNT900351,BSBSBS,Cal-C Vita Efferversent Tablet 10S 2+1 Offer Pack TST 7,0,MEDICINES,ALPHAMED,BestSeller,Cal-C Vita Efferversent Tablet 10S 2+1 Offer Pack TST 7,Cal-C Vita Efferversent Tablet 10S 2+1 Offer Pack TST 7,/agentx.png,/agentx.png,/agentx.png,100000,0,1,0,0,1,1,0,0,1,1,,,1,1,0,0,1,0,1,0,0,0,1,0,simple,admin,pdc,Default,simple,0,,,Product Info Column,1,Enabled,"Catalog, Search",Shipping,
8,AGNT900352,BSBSBS,Cal-C Vita Efferversent Tablet 10S 2+1 Offer Pack TST 7,0,MEDICINES,ALPHAMED,BestSeller,Cal-C Vita Efferversent Tablet 10S 2+1 Offer Pack TST 7,Cal-C Vita Efferversent Tablet 10S 2+1 Offer Pack TST 7,/agentx.png,/agentx.png,/agentx.png,100000,0,1,0,0,1,1,0,0,1,1,,,1,1,0,0,1,0,1,0,0,0,1,0,simple,admin,pdc,Default,simple,0,,,Product Info Column,1,Enabled,"Catalog, Search",Shipping,
8,AGNT900353,BSBSBS,Cal-C Vita Efferversent Tablet 10S 2+1 Offer Pack TST 7,0,MEDICINES,ALPHAMED,BestSeller,Cal-C Vita Efferversent Tablet 10S 2+1 Offer Pack TST 7,Cal-C Vita Efferversent Tablet 10S 2+1 Offer Pack TST 7,/agentx.png,/agentx.png,/agentx.png,100000,0,1,0,0,1,1,0,0,1,1,,,1,1,0,0,1,0,1,0,0,0,1,0,simple,admin,pdc,Default,simple,0,,,Product Info Column,1,Enabled,"Catalog, Search",Shipping,
8,AGNT900354,BSBSBS,Cal-C Vita Efferversent Tablet 10S 2+1 Offer Pack TST 7,0,MEDICINES,ALPHAMED,BestSeller,Cal-C Vita Efferversent Tablet 10S 2+1 Offer Pack TST 7,Cal-C Vita Efferversent Tablet 10S 2+1 Offer Pack TST 7,/agentx.png,/agentx.png,/agentx.png,100000,0,1,0,0,1,1,0,0,1,1,,,1,1,0,0,1,0,1,0,0,0,1,0,simple,admin,pdc,Default,simple,0,,,Product Info Column,1,Enabled,"Catalog, Search",Shipping,
8,AGNT900355,BSBSBS,Cal-C Vita Efferversent Tablet 10S 2+1 Offer Pack TST 7,0,MEDICINES,ALPHAMED,BestSeller,Cal-C Vita Efferversent Tablet 10S 2+1 Offer Pack TST 7,Cal-C Vita Efferversent Tablet 10S 2+1 Offer Pack TST 7,/agentx.png,/agentx.png,/agentx.png,100000,0,1,0,0,1,1,0,0,1,1,,,1,1,0,0,1,0,1,0,0,0,1,0,simple,admin,pdc,Default,simple,0,,,Product Info Column,1,Enabled,"Catalog, Search",Shipping,
8,AGNT900356,BSBSBS,Cal-C Vita Efferversent Tablet 10S 2+1 Offer Pack TST 7,0,MEDICINES,ALPHAMED,BestSeller,Cal-C Vita Efferversent Tablet 10S 2+1 Offer Pack TST 7,Cal-C Vita Efferversent Tablet 10S 2+1 Offer Pack TST 7,/agentx.png,/agentx.png,/agentx.png,100000,0,1,0,0,1,1,0,0,1,1,,,1,1,0,0,1,0,1,0,0,0,1,0,simple,admin,pdc,Default,simple,0,,,Product Info Column,1,Enabled,"Catalog, Search",Shipping,
8,AGNT900357,BSBSBS,Cal-C Vita Efferversent Tablet 10S 2+1 Offer Pack TST 7,0,MEDICINES,ALPHAMED,BestSeller,Cal-C Vita Efferversent Tablet 10S 2+1 Offer Pack TST 7,Cal-C Vita Efferversent Tablet 10S 2+1 Offer Pack TST 7,/agentx.png,/agentx.png,/agentx.png,100000,0,1,0,0,1,1,0,0,1,1,,,1,1,0,0,1,0,1,0,0,0,1,0,simple,admin,pdc,Default,simple,0,,,Product Info Column,1,Enabled,"Catalog, Search",Shipping,
8,AGNT900358,BSBSBS,Cal-C Vita Efferversent Tablet 10S 2+1 Offer Pack TST 7,0,MEDICINES,ALPHAMED,BestSeller,Cal-C Vita Efferversent Tablet 10S 2+1 Offer Pack TST 7,Cal-C Vita Efferversent Tablet 10S 2+1 Offer Pack TST 7,/agentx.png,/agentx.png,/agentx.png,100000,0,1,0,0,1,1,0,0,1,1,,,1,1,0,0,1,0,1,0,0,0,1,0,simple,admin,pdc,Default,simple,0,,,Product Info Column,1,Enabled,"Catalog, Search",Shipping,
8,AGNT900359,BSBSBS,Cal-C Vita Efferversent Tablet 10S 2+1 Offer Pack TST 7,0,MEDICINES,ALPHAMED,BestSeller,Cal-C Vita Efferversent Tablet 10S 2+1 Offer Pack TST 7,Cal-C Vita Efferversent Tablet 10S 2+1 Offer Pack TST 7,/agentx.png,/agentx.png,/agentx.png,100000,0,1,0,0,1,1,0,0,1,1,,,1,1,0,0,1,0,1,0,0,0,1,0,simple,admin,pdc,Default,simple,0,,,Product Info Column,1,Enabled,"Catalog, Search",Shipping,
8,AGNT900360,BSBSBS,Cal-C Vita Efferversent Tablet 10S 2+1 Offer Pack TST 7,0,MEDICINES,ALPHAMED,BestSeller,Cal-C Vita Efferversent Tablet 10S 2+1 Offer Pack TST 7,Cal-C Vita Efferversent Tablet 10S 2+1 Offer Pack TST 7,/agentx.png,/agentx.png,/agentx.png,100000,0,1,0,0,1,1,0,0,1,1,,,1,1,0,0,1,0,1,0,0,0,1,0,simple,admin,pdc,Default,simple,0,,,Product Info Column,1,Enabled,"Catalog, Search",Shipping,
8,AGNT900361,BSBSBS,Cal-C Vita Efferversent Tablet 10S 2+1 Offer Pack TST 7,0,MEDICINES,ALPHAMED,BestSeller,Cal-C Vita Efferversent Tablet 10S 2+1 Offer Pack TST 7,Cal-C Vita Efferversent Tablet 10S 2+1 Offer Pack TST 7,/agentx.png,/agentx.png,/agentx.png,100000,0,1,0,0,1,1,0,0,1,1,,,1,1,0,0,1,0,1,0,0,0,1,0,simple,admin,pdc,Default,simple,0,,,Product Info Column,1,Enabled,"Catalog, Search",Shipping,
8,AGNT900362,BSBSBS,Cal-C Vita Efferversent Tablet 10S 2+1 Offer Pack TST 7,0,MEDICINES,ALPHAMED,BestSeller,Cal-C Vita Efferversent Tablet 10S 2+1 Offer Pack TST 7,Cal-C Vita Efferversent Tablet 10S 2+1 Offer Pack TST 7,/agentx.png,/agentx.png,/agentx.png,100000,0,1,0,0,1,1,0,0,1,1,,,1,1,0,0,1,0,1,0,0,0,1,0,simple,admin,pdc,Default,simple,0,,,Product Info Column,1,Enabled,"Catalog, Search",Shipping,
8,AGNT900363,BSBSBS,Cal-C Vita Efferversent Tablet 10S 2+1 Offer Pack TST 7,0,MEDICINES,ALPHAMED,BestSeller,Cal-C Vita Efferversent Tablet 10S 2+1 Offer Pack TST 7,Cal-C Vita Efferversent Tablet 10S 2+1 Offer Pack TST 7,/agentx.png,/agentx.png,/agentx.png,100000,0,1,0,0,1,1,0,0,1,1,,,1,1,0,0,1,0,1,0,0,0,1,0,simple,admin,pdc,Default,simple,0,,,Product Info Column,1,Enabled,"Catalog, Search",Shipping,
8,AGNT900364,BSBSBS,Cal-C Vita Efferversent Tablet 10S 2+1 Offer Pack TST 7,0,MEDICINES,ALPHAMED,BestSeller,Cal-C Vita Efferversent Tablet 10S 2+1 Offer Pack TST 7,Cal-C Vita Efferversent Tablet 10S 2+1 Offer Pack TST 7,/agentx.png,/agentx.png,/agentx.png,100000,0,1,0,0,1,1,0,0,1,1,,,1,1,0,0,1,0,1,0,0,0,1,0,simple,admin,pdc,Default,simple,0,,,Product Info Column,1,Enabled,"Catalog, Search",Shipping,
8,AGNT900365,BSBSBS,Cal-C Vita Efferversent Tablet 10S 2+1 Offer Pack TST 7,0,MEDICINES,ALPHAMED,BestSeller,Cal-C Vita Efferversent Tablet 10S 2+1 Offer Pack TST 7,Cal-C Vita Efferversent Tablet 10S 2+1 Offer Pack TST 7,/agentx.png,/agentx.png,/agentx.png,100000,0,1,0,0,1,1,0,0,1,1,,,1,1,0,0,1,0,1,0,0,0,1,0,simple,admin,pdc,Default,simple,0,,,Product Info Column,1,Enabled,"Catalog, Search",Shipping,
8,AGNT900366,BSBSBS,Cal-C Vita Efferversent Tablet 10S 2+1 Offer Pack TST 7,0,MEDICINES,ALPHAMED,BestSeller,Cal-C Vita Efferversent Tablet 10S 2+1 Offer Pack TST 7,Cal-C Vita Efferversent Tablet 10S 2+1 Offer Pack TST 7,/agentx.png,/agentx.png,/agentx.png,100000,0,1,0,0,1,1,0,0,1,1,,,1,1,0,0,1,0,1,0,0,0,1,0,simple,admin,pdc,Default,simple,0,,,Product Info Column,1,Enabled,"Catalog, Search",Shipping,
8,AGNT900367,BSBSBS,Cal-C Vita Efferversent Tablet 10S 2+1 Offer Pack TST 7,0,MEDICINES,ALPHAMED,BestSeller,Cal-C Vita Efferversent Tablet 10S 2+1 Offer Pack TST 7,Cal-C Vita Efferversent Tablet 10S 2+1 Offer Pack TST 7,/agentx.png,/agentx.png,/agentx.png,100000,0,1,0,0,1,1,0,0,1,1,,,1,1,0,0,1,0,1,0,0,0,1,0,simple,admin,pdc,Default,simple,0,,,Product Info Column,1,Enabled,"Catalog, Search",Shipping,
8,AGNT900368,BSBSBS,Cal-C Vita Efferversent Tablet 10S 2+1 Offer Pack TST 7,0,MEDICINES,ALPHAMED,BestSeller,Cal-C Vita Efferversent Tablet 10S 2+1 Offer Pack TST 7,Cal-C Vita Efferversent Tablet 10S 2+1 Offer Pack TST 7,/agentx.png,/agentx.png,/agentx.png,100000,0,1,0,0,1,1,0,0,1,1,,,1,1,0,0,1,0,1,0,0,0,1,0,simple,admin,pdc,Default,simple,0,,,Product Info Column,1,Enabled,"Catalog, Search",Shipping,
8,AGNT900369,BSBSBS,Cal-C Vita Efferversent Tablet 10S 2+1 Offer Pack TST 7,0,MEDICINES,ALPHAMED,BestSeller,Cal-C Vita Efferversent Tablet 10S 2+1 Offer Pack TST 7,Cal-C Vita Efferversent Tablet 10S 2+1 Offer Pack TST 7,/agentx.png,/agentx.png,/agentx.png,100000,0,1,0,0,1,1,0,0,1,1,,,1,1,0,0,1,0,1,0,0,0,1,0,simple,admin,pdc,Default,simple,0,,,Product Info Column,1,Enabled,"Catalog, Search",Shipping,
8,AGNT900370,BSBSBS,Cal-C Vita Efferversent Tablet 10S 2+1 Offer Pack TST 7,0,MEDICINES,ALPHAMED,BestSeller,Cal-C Vita Efferversent Tablet 10S 2+1 Offer Pack TST 7,Cal-C Vita Efferversent Tablet 10S 2+1 Offer Pack TST 7,/agentx.png,/agentx.png,/agentx.png,100000,0,1,0,0,1,1,0,0,1,1,,,1,1,0,0,1,0,1,0,0,0,1,0,simple,admin,pdc,Default,simple,0,,,Product Info Column,1,Enabled,"Catalog, Search",Shipping,
8,AGNT900371,BSBSBS,Cal-C Vita Efferversent Tablet 10S 2+1 Offer Pack TST 7,0,MEDICINES,ALPHAMED,BestSeller,Cal-C Vita Efferversent Tablet 10S 2+1 Offer Pack TST 7,Cal-C Vita Efferversent Tablet 10S 2+1 Offer Pack TST 7,/agentx.png,/agentx.png,/agentx.png,100000,0,1,0,0,1,1,0,0,1,1,,,1,1,0,0,1,0,1,0,0,0,1,0,simple,admin,pdc,Default,simple,0,,,Product Info Column,1,Enabled,"Catalog, Search",Shipping,
8,AGNT900372,BSBSBS,Cal-C Vita Efferversent Tablet 10S 2+1 Offer Pack TST 7,0,MEDICINES,ALPHAMED,BestSeller,Cal-C Vita Efferversent Tablet 10S 2+1 Offer Pack TST 7,Cal-C Vita Efferversent Tablet 10S 2+1 Offer Pack TST 7,/agentx.png,/agentx.png,/agentx.png,100000,0,1,0,0,1,1,0,0,1,1,,,1,1,0,0,1,0,1,0,0,0,1,0,simple,admin,pdc,Default,simple,0,,,Product Info Column,1,Enabled,"Catalog, Search",Shipping,
8,AGNT900373,BSBSBS,Cal-C Vita Efferversent Tablet 10S 2+1 Offer Pack TST 7,0,MEDICINES,ALPHAMED,BestSeller,Cal-C Vita Efferversent Tablet 10S 2+1 Offer Pack TST 7,Cal-C Vita Efferversent Tablet 10S 2+1 Offer Pack TST 7,/agentx.png,/agentx.png,/agentx.png,100000,0,1,0,0,1,1,0,0,1,1,,,1,1,0,0,1,0,1,0,0,0,1,0,simple,admin,pdc,Default,simple,0,,,Product Info Column,1,Enabled,"Catalog, Search",Shipping,
8,AGNT900374,BSBSBS,Cal-C Vita Efferversent Tablet 10S 2+1 Offer Pack TST 7,0,MEDICINES,ALPHAMED,BestSeller,Cal-C Vita Efferversent Tablet 10S 2+1 Offer Pack TST 7,Cal-C Vita Efferversent Tablet 10S 2+1 Offer Pack TST 7,/agentx.png,/agentx.png,/agentx.png,100000,0,1,0,0,1,1,0,0,1,1,,,1,1,0,0,1,0,1,0,0,0,1,0,simple,admin,pdc,Default,simple,0,,,Product Info Column,1,Enabled,"Catalog, Search",Shipping,
8,AGNT900375,BSBSBS,Cal-C Vita Efferversent Tablet 10S 2+1 Offer Pack TST 7,0,MEDICINES,ALPHAMED,BestSeller,Cal-C Vita Efferversent Tablet 10S 2+1 Offer Pack TST 7,Cal-C Vita Efferversent Tablet 10S 2+1 Offer Pack TST 7,/agentx.png,/agentx.png,/agentx.png,100000,0,1,0,0,1,1,0,0,1,1,,,1,1,0,0,1,0,1,0,0,0,1,0,simple,admin,pdc,Default,simple,0,,,Product Info Column,1,Enabled,"Catalog, Search",Shipping,
8,AGNT900376,BSBSBS,Cal-C Vita Efferversent Tablet 10S 2+1 Offer Pack TST 7,0,MEDICINES,ALPHAMED,BestSeller,Cal-C Vita Efferversent Tablet 10S 2+1 Offer Pack TST 7,Cal-C Vita Efferversent Tablet 10S 2+1 Offer Pack TST 7,/agentx.png,/agentx.png,/agentx.png,100000,0,1,0,0,1,1,0,0,1,1,,,1,1,0,0,1,0,1,0,0,0,1,0,simple,admin,pdc,Default,simple,0,,,Product Info Column,1,Enabled,"Catalog, Search",Shipping,
8,AGNT900377,BSBSBS,Cal-C Vita Efferversent Tablet 10S 2+1 Offer Pack TST 7,0,MEDICINES,ALPHAMED,BestSeller,Cal-C Vita Efferversent Tablet 10S 2+1 Offer Pack TST 7,Cal-C Vita Efferversent Tablet 10S 2+1 Offer Pack TST 7,/agentx.png,/agentx.png,/agentx.png,100000,0,1,0,0,1,1,0,0,1,1,,,1,1,0,0,1,0,1,0,0,0,1,0,simple,admin,pdc,Default,simple,0,,,Product Info Column,1,Enabled,"Catalog, Search",Shipping,
8,AGNT900378,BSBSBS,Cal-C Vita Efferversent Tablet 10S 2+1 Offer Pack TST 7,0,MEDICINES,ALPHAMED,BestSeller,Cal-C Vita Efferversent Tablet 10S 2+1 Offer Pack TST 7,Cal-C Vita Efferversent Tablet 10S 2+1 Offer Pack TST 7,/agentx.png,/agentx.png,/agentx.png,100000,0,1,0,0,1,1,0,0,1,1,,,1,1,0,0,1,0,1,0,0,0,1,0,simple,admin,pdc,Default,simple,0,,,Product Info Column,1,Enabled,"Catalog, Search",Shipping,
8,AGNT900379,BSBSBS,Cal-C Vita Efferversent Tablet 10S 2+1 Offer Pack TST 7,0,MEDICINES,ALPHAMED,BestSeller,Cal-C Vita Efferversent Tablet 10S 2+1 Offer Pack TST 7,Cal-C Vita Efferversent Tablet 10S 2+1 Offer Pack TST 7,/agentx.png,/agentx.png,/agentx.png,100000,0,1,0,0,1,1,0,0,1,1,,,1,1,0,0,1,0,1,0,0,0,1,0,simple,admin,pdc,Default,simple,0,,,Product Info Column,1,Enabled,"Catalog, Search",Shipping,
8,AGNT900380,BSBSBS,Cal-C Vita Efferversent Tablet 10S 2+1 Offer Pack TST 7,0,MEDICINES,ALPHAMED,BestSeller,Cal-C Vita Efferversent Tablet 10S 2+1 Offer Pack TST 7,Cal-C Vita Efferversent Tablet 10S 2+1 Offer Pack TST 7,/agentx.png,/agentx.png,/agentx.png,100000,0,1,0,0,1,1,0,0,1,1,,,1,1,0,0,1,0,1,0,0,0,1,0,simple,admin,pdc,Default,simple,0,,,Product Info Column,1,Enabled,"Catalog, Search",Shipping,
8,AGNT900381,BSBSBS,Cal-C Vita Efferversent Tablet 10S 2+1 Offer Pack TST 7,0,MEDICINES,ALPHAMED,BestSeller,Cal-C Vita Efferversent Tablet 10S 2+1 Offer Pack TST 7,Cal-C Vita Efferversent Tablet 10S 2+1 Offer Pack TST 7,/agentx.png,/agentx.png,/agentx.png,100000,0,1,0,0,1,1,0,0,1,1,,,1,1,0,0,1,0,1,0,0,0,1,0,simple,admin,pdc,Default,simple,0,,,Product Info Column,1,Enabled,"Catalog, Search",Shipping,
8,AGNT900382,BSBSBS,Cal-C Vita Efferversent Tablet 10S 2+1 Offer Pack TST 7,0,MEDICINES,ALPHAMED,BestSeller,Cal-C Vita Efferversent Tablet 10S 2+1 Offer Pack TST 7,Cal-C Vita Efferversent Tablet 10S 2+1 Offer Pack TST 7,/agentx.png,/agentx.png,/agentx.png,100000,0,1,0,0,1,1,0,0,1,1,,,1,1,0,0,1,0,1,0,0,0,1,0,simple,admin,pdc,Default,simple,0,,,Product Info Column,1,Enabled,"Catalog, Search",Shipping,
8,AGNT900383,BSBSBS,Cal-C Vita Efferversent Tablet 10S 2+1 Offer Pack TST 7,0,MEDICINES,ALPHAMED,BestSeller,Cal-C Vita Efferversent Tablet 10S 2+1 Offer Pack TST 7,Cal-C Vita Efferversent Tablet 10S 2+1 Offer Pack TST 7,/agentx.png,/agentx.png,/agentx.png,100000,0,1,0,0,1,1,0,0,1,1,,,1,1,0,0,1,0,1,0,0,0,1,0,simple,admin,pdc,Default,simple,0,,,Product Info Column,1,Enabled,"Catalog, Search",Shipping,
8,AGNT900384,BSBSBS,Cal-C Vita Efferversent Tablet 10S 2+1 Offer Pack TST 7,0,MEDICINES,ALPHAMED,BestSeller,Cal-C Vita Efferversent Tablet 10S 2+1 Offer Pack TST 7,Cal-C Vita Efferversent Tablet 10S 2+1 Offer Pack TST 7,/agentx.png,/agentx.png,/agentx.png,100000,0,1,0,0,1,1,0,0,1,1,,,1,1,0,0,1,0,1,0,0,0,1,0,simple,admin,pdc,Default,simple,0,,,Product Info Column,1,Enabled,"Catalog, Search",Shipping,
8,AGNT900385,BSBSBS,Cal-C Vita Efferversent Tablet 10S 2+1 Offer Pack TST 7,0,MEDICINES,ALPHAMED,BestSeller,Cal-C Vita Efferversent Tablet 10S 2+1 Offer Pack TST 7,Cal-C Vita Efferversent Tablet 10S 2+1 Offer Pack TST 7,/agentx.png,/agentx.png,/agentx.png,100000,0,1,0,0,1,1,0,0,1,1,,,1,1,0,0,1,0,1,0,0,0,1,0,simple,admin,pdc,Default,simple,0,,,Product Info Column,1,Enabled,"Catalog, Search",Shipping,
8,AGNT900386,BSBSBS,Cal-C Vita Efferversent Tablet 10S 2+1 Offer Pack TST 7,0,MEDICINES,ALPHAMED,BestSeller,Cal-C Vita Efferversent Tablet 10S 2+1 Offer Pack TST 7,Cal-C Vita Efferversent Tablet 10S 2+1 Offer Pack TST 7,/agentx.png,/agentx.png,/agentx.png,100000,0,1,0,0,1,1,0,0,1,1,,,1,1,0,0,1,0,1,0,0,0,1,0,simple,admin,pdc,Default,simple,0,,,Product Info Column,1,Enabled,"Catalog, Search",Shipping,
8,AGNT900387,BSBSBS,Cal-C Vita Efferversent Tablet 10S 2+1 Offer Pack TST 7,0,MEDICINES,ALPHAMED,BestSeller,Cal-C Vita Efferversent Tablet 10S 2+1 Offer Pack TST 7,Cal-C Vita Efferversent Tablet 10S 2+1 Offer Pack TST 7,/agentx.png,/agentx.png,/agentx.png,100000,0,1,0,0,1,1,0,0,1,1,,,1,1,0,0,1,0,1,0,0,0,1,0,simple,admin,pdc,Default,simple,0,,,Product Info Column,1,Enabled,"Catalog, Search",Shipping,
8,AGNT900388,BSBSBS,Cal-C Vita Efferversent Tablet 10S 2+1 Offer Pack TST 7,0,MEDICINES,ALPHAMED,BestSeller,Cal-C Vita Efferversent Tablet 10S 2+1 Offer Pack TST 7,Cal-C Vita Efferversent Tablet 10S 2+1 Offer Pack TST 7,/agentx.png,/agentx.png,/agentx.png,100000,0,1,0,0,1,1,0,0,1,1,,,1,1,0,0,1,0,1,0,0,0,1,0,simple,admin,pdc,Default,simple,0,,,Product Info Column,1,Enabled,"Catalog, Search",Shipping,
8,AGNT900389,BSBSBS,Cal-C Vita Efferversent Tablet 10S 2+1 Offer Pack TST 7,0,MEDICINES,ALPHAMED,BestSeller,Cal-C Vita Efferversent Tablet 10S 2+1 Offer Pack TST 7,Cal-C Vita Efferversent Tablet 10S 2+1 Offer Pack TST 7,/agentx.png,/agentx.png,/agentx.png,100000,0,1,0,0,1,1,0,0,1,1,,,1,1,0,0,1,0,1,0,0,0,1,0,simple,admin,pdc,Default,simple,0,,,Product Info Column,1,Enabled,"Catalog, Search",Shipping,
8,AGNT900390,BSBSBS,Cal-C Vita Efferversent Tablet 10S 2+1 Offer Pack TST 7,0,MEDICINES,ALPHAMED,BestSeller,Cal-C Vita Efferversent Tablet 10S 2+1 Offer Pack TST 7,Cal-C Vita Efferversent Tablet 10S 2+1 Offer Pack TST 7,/agentx.png,/agentx.png,/agentx.png,100000,0,1,0,0,1,1,0,0,1,1,,,1,1,0,0,1,0,1,0,0,0,1,0,simple,admin,pdc,Default,simple,0,,,Product Info Column,1,Enabled,"Catalog, Search",Shipping,
8,AGNT900391,BSBSBS,Cal-C Vita Efferversent Tablet 10S 2+1 Offer Pack TST 7,0,MEDICINES,ALPHAMED,BestSeller,Cal-C Vita Efferversent Tablet 10S 2+1 Offer Pack TST 7,Cal-C Vita Efferversent Tablet 10S 2+1 Offer Pack TST 7,/agentx.png,/agentx.png,/agentx.png,100000,0,1,0,0,1,1,0,0,1,1,,,1,1,0,0,1,0,1,0,0,0,1,0,simple,admin,pdc,Default,simple,0,,,Product Info Column,1,Enabled,"Catalog, Search",Shipping,
8,AGNT900392,BSBSBS,Cal-C Vita Efferversent Tablet 10S 2+1 Offer Pack TST 7,0,MEDICINES,ALPHAMED,BestSeller,Cal-C Vita Efferversent Tablet 10S 2+1 Offer Pack TST 7,Cal-C Vita Efferversent Tablet 10S 2+1 Offer Pack TST 7,/agentx.png,/agentx.png,/agentx.png,100000,0,1,0,0,1,1,0,0,1,1,,,1,1,0,0,1,0,1,0,0,0,1,0,simple,admin,pdc,Default,simple,0,,,Product Info Column,1,Enabled,"Catalog, Search",Shipping,
8,AGNT900393,BSBSBS,Cal-C Vita Efferversent Tablet 10S 2+1 Offer Pack TST 7,0,MEDICINES,ALPHAMED,BestSeller,Cal-C Vita Efferversent Tablet 10S 2+1 Offer Pack TST 7,Cal-C Vita Efferversent Tablet 10S 2+1 Offer Pack TST 7,/agentx.png,/agentx.png,/agentx.png,100000,0,1,0,0,1,1,0,0,1,1,,,1,1,0,0,1,0,1,0,0,0,1,0,simple,admin,pdc,Default,simple,0,,,Product Info Column,1,Enabled,"Catalog, Search",Shipping,
8,AGNT900394,BSBSBS,Cal-C Vita Efferversent Tablet 10S 2+1 Offer Pack TST 7,0,MEDICINES,ALPHAMED,BestSeller,Cal-C Vita Efferversent Tablet 10S 2+1 Offer Pack TST 7,Cal-C Vita Efferversent Tablet 10S 2+1 Offer Pack TST 7,/agentx.png,/agentx.png,/agentx.png,100000,0,1,0,0,1,1,0,0,1,1,,,1,1,0,0,1,0,1,0,0,0,1,0,simple,admin,pdc,Default,simple,0,,,Product Info Column,1,Enabled,"Catalog, Search",Shipping,
8,AGNT900395,BSBSBS,Cal-C Vita Efferversent Tablet 10S 2+1 Offer Pack TST 7,0,MEDICINES,ALPHAMED,BestSeller,Cal-C Vita Efferversent Tablet 10S 2+1 Offer Pack TST 7,Cal-C Vita Efferversent Tablet 10S 2+1 Offer Pack TST 7,/agentx.png,/agentx.png,/agentx.png,100000,0,1,0,0,1,1,0,0,1,1,,,1,1,0,0,1,0,1,0,0,0,1,0,simple,admin,pdc,Default,simple,0,,,Product Info Column,1,Enabled,"Catalog, Search",Shipping,
8,AGNT900396,BSBSBS,Cal-C Vita Efferversent Tablet 10S 2+1 Offer Pack TST 7,0,MEDICINES,ALPHAMED,BestSeller,Cal-C Vita Efferversent Tablet 10S 2+1 Offer Pack TST 7,Cal-C Vita Efferversent Tablet 10S 2+1 Offer Pack TST 7,/agentx.png,/agentx.png,/agentx.png,100000,0,1,0,0,1,1,0,0,1,1,,,1,1,0,0,1,0,1,0,0,0,1,0,simple,admin,pdc,Default,simple,0,,,Product Info Column,1,Enabled,"Catalog, Search",Shipping,
8,AGNT900397,BSBSBS,Cal-C Vita Efferversent Tablet 10S 2+1 Offer Pack TST 7,0,MEDICINES,ALPHAMED,BestSeller,Cal-C Vita Efferversent Tablet 10S 2+1 Offer Pack TST 7,Cal-C Vita Efferversent Tablet 10S 2+1 Offer Pack TST 7,/agentx.png,/agentx.png,/agentx.png,100000,0,1,0,0,1,1,0,0,1,1,,,1,1,0,0,1,0,1,0,0,0,1,0,simple,admin,pdc,Default,simple,0,,,Product Info Column,1,Enabled,"Catalog, Search",Shipping,
8,AGNT900398,BSBSBS,Cal-C Vita Efferversent Tablet 10S 2+1 Offer Pack TST 7,0,MEDICINES,ALPHAMED,BestSeller,Cal-C Vita Efferversent Tablet 10S 2+1 Offer Pack TST 7,Cal-C Vita Efferversent Tablet 10S 2+1 Offer Pack TST 7,/agentx.png,/agentx.png,/agentx.png,100000,0,1,0,0,1,1,0,0,1,1,,,1,1,0,0,1,0,1,0,0,0,1,0,simple,admin,pdc,Default,simple,0,,,Product Info Column,1,Enabled,"Catalog, Search",Shipping,
8,AGNT900399,BSBSBS,Cal-C Vita Efferversent Tablet 10S 2+1 Offer Pack TST 7,0,MEDICINES,ALPHAMED,BestSeller,Cal-C Vita Efferversent Tablet 10S 2+1 Offer Pack TST 7,Cal-C Vita Efferversent Tablet 10S 2+1 Offer Pack TST 7,/agentx.png,/agentx.png,/agentx.png,100000,0,1,0,0,1,1,0,0,1,1,,,1,1,0,0,1,0,1,0,0,0,1,0,simple,admin,pdc,Default,simple,0,,,Product Info Column,1,Enabled,"Catalog, Search",Shipping,
8,AGNT900400,BSBSBS,Cal-C Vita Efferversent Tablet 10S 2+1 Offer Pack TST 7,0,MEDICINES,ALPHAMED,BestSeller,Cal-C Vita Efferversent Tablet 10S 2+1 Offer Pack TST 7,Cal-C Vita Efferversent Tablet 10S 2+1 Offer Pack TST 7,/agentx.png,/agentx.png,/agentx.png,100000,0,1,0,0,1,1,0,0,1,1,,,1,1,0,0,1,0,1,0,0,0,1,0,simple,admin,pdc,Default,simple,0,,,Product Info Column,1,Enabled,"Catalog, Search",Shipping,
8,AGNT900401,BSBSBS,Cal-C Vita Efferversent Tablet 10S 2+1 Offer Pack TST 7,0,MEDICINES,ALPHAMED,BestSeller,Cal-C Vita Efferversent Tablet 10S 2+1 Offer Pack TST 7,Cal-C Vita Efferversent Tablet 10S 2+1 Offer Pack TST 7,/agentx.png,/agentx.png,/agentx.png,100000,0,1,0,0,1,1,0,0,1,1,,,1,1,0,0,1,0,1,0,0,0,1,0,simple,admin,pdc,Default,simple,0,,,Product Info Column,1,Enabled,"Catalog, Search",Shipping,
8,AGNT900402,BSBSBS,Cal-C Vita Efferversent Tablet 10S 2+1 Offer Pack TST 7,0,MEDICINES,ALPHAMED,BestSeller,Cal-C Vita Efferversent Tablet 10S 2+1 Offer Pack TST 7,Cal-C Vita Efferversent Tablet 10S 2+1 Offer Pack TST 7,/agentx.png,/agentx.png,/agentx.png,100000,0,1,0,0,1,1,0,0,1,1,,,1,1,0,0,1,0,1,0,0,0,1,0,simple,admin,pdc,Default,simple,0,,,Product Info Column,1,Enabled,"Catalog, Search",Shipping,
8,AGNT900403,BSBSBS,Cal-C Vita Efferversent Tablet 10S 2+1 Offer Pack TST 7,0,MEDICINES,ALPHAMED,BestSeller,Cal-C Vita Efferversent Tablet 10S 2+1 Offer Pack TST 7,Cal-C Vita Efferversent Tablet 10S 2+1 Offer Pack TST 7,/agentx.png,/agentx.png,/agentx.png,100000,0,1,0,0,1,1,0,0,1,1,,,1,1,0,0,1,0,1,0,0,0,1,0,simple,admin,pdc,Default,simple,0,,,Product Info Column,1,Enabled,"Catalog, Search",Shipping,
8,AGNT900404,BSBSBS,Cal-C Vita Efferversent Tablet 10S 2+1 Offer Pack TST 7,0,MEDICINES,ALPHAMED,BestSeller,Cal-C Vita Efferversent Tablet 10S 2+1 Offer Pack TST 7,Cal-C Vita Efferversent Tablet 10S 2+1 Offer Pack TST 7,/agentx.png,/agentx.png,/agentx.png,100000,0,1,0,0,1,1,0,0,1,1,,,1,1,0,0,1,0,1,0,0,0,1,0,simple,admin,pdc,Default,simple,0,,,Product Info Column,1,Enabled,"Catalog, Search",Shipping,
8,AGNT900405,BSBSBS,Cal-C Vita Efferversent Tablet 10S 2+1 Offer Pack TST 7,0,MEDICINES,ALPHAMED,BestSeller,Cal-C Vita Efferversent Tablet 10S 2+1 Offer Pack TST 7,Cal-C Vita Efferversent Tablet 10S 2+1 Offer Pack TST 7,/agentx.png,/agentx.png,/agentx.png,100000,0,1,0,0,1,1,0,0,1,1,,,1,1,0,0,1,0,1,0,0,0,1,0,simple,admin,pdc,Default,simple,0,,,Product Info Column,1,Enabled,"Catalog, Search",Shipping,
8,AGNT900406,BSBSBS,Cal-C Vita Efferversent Tablet 10S 2+1 Offer Pack TST 7,0,MEDICINES,ALPHAMED,BestSeller,Cal-C Vita Efferversent Tablet 10S 2+1 Offer Pack TST 7,Cal-C Vita Efferversent Tablet 10S 2+1 Offer Pack TST 7,/agentx.png,/agentx.png,/agentx.png,100000,0,1,0,0,1,1,0,0,1,1,,,1,1,0,0,1,0,1,0,0,0,1,0,simple,admin,pdc,Default,simple,0,,,Product Info Column,1,Enabled,"Catalog, Search",Shipping,
8,AGNT900407,BSBSBS,Cal-C Vita Efferversent Tablet 10S 2+1 Offer Pack TST 7,0,MEDICINES,ALPHAMED,BestSeller,Cal-C Vita Efferversent Tablet 10S 2+1 Offer Pack TST 7,Cal-C Vita Efferversent Tablet 10S 2+1 Offer Pack TST 7,/agentx.png,/agentx.png,/agentx.png,100000,0,1,0,0,1,1,0,0,1,1,,,1,1,0,0,1,0,1,0,0,0,1,0,simple,admin,pdc,Default,simple,0,,,Product Info Column,1,Enabled,"Catalog, Search",Shipping,
8,AGNT900408,BSBSBS,Cal-C Vita Efferversent Tablet 10S 2+1 Offer Pack TST 7,0,MEDICINES,ALPHAMED,BestSeller,Cal-C Vita Efferversent Tablet 10S 2+1 Offer Pack TST 7,Cal-C Vita Efferversent Tablet 10S 2+1 Offer Pack TST 7,/agentx.png,/agentx.png,/agentx.png,100000,0,1,0,0,1,1,0,0,1,1,,,1,1,0,0,1,0,1,0,0,0,1,0,simple,admin,pdc,Default,simple,0,,,Product Info Column,1,Enabled,"Catalog, Search",Shipping,
8,AGNT900409,BSBSBS,Cal-C Vita Efferversent Tablet 10S 2+1 Offer Pack TST 7,0,MEDICINES,ALPHAMED,BestSeller,Cal-C Vita Efferversent Tablet 10S 2+1 Offer Pack TST 7,Cal-C Vita Efferversent Tablet 10S 2+1 Offer Pack TST 7,/agentx.png,/agentx.png,/agentx.png,100000,0,1,0,0,1,1,0,0,1,1,,,1,1,0,0,1,0,1,0,0,0,1,0,simple,admin,pdc,Default,simple,0,,,Product Info Column,1,Enabled,"Catalog, Search",Shipping,
8,AGNT900410,BSBSBS,Cal-C Vita Efferversent Tablet 10S 2+1 Offer Pack TST 7,0,MEDICINES,ALPHAMED,BestSeller,Cal-C Vita Efferversent Tablet 10S 2+1 Offer Pack TST 7,Cal-C Vita Efferversent Tablet 10S 2+1 Offer Pack TST 7,/agentx.png,/agentx.png,/agentx.png,100000,0,1,0,0,1,1,0,0,1,1,,,1,1,0,0,1,0,1,0,0,0,1,0,simple,admin,pdc,Default,simple,0,,,Product Info Column,1,Enabled,"Catalog, Search",Shipping,
8,AGNT900411,BSBSBS,Cal-C Vita Efferversent Tablet 10S 2+1 Offer Pack TST 7,0,MEDICINES,ALPHAMED,BestSeller,Cal-C Vita Efferversent Tablet 10S 2+1 Offer Pack TST 7,Cal-C Vita Efferversent Tablet 10S 2+1 Offer Pack TST 7,/agentx.png,/agentx.png,/agentx.png,100000,0,1,0,0,1,1,0,0,1,1,,,1,1,0,0,1,0,1,0,0,0,1,0,simple,admin,pdc,Default,simple,0,,,Product Info Column,1,Enabled,"Catalog, Search",Shipping,
8,AGNT900412,BSBSBS,Cal-C Vita Efferversent Tablet 10S 2+1 Offer Pack TST 7,0,MEDICINES,ALPHAMED,BestSeller,Cal-C Vita Efferversent Tablet 10S 2+1 Offer Pack TST 7,Cal-C Vita Efferversent Tablet 10S 2+1 Offer Pack TST 7,/agentx.png,/agentx.png,/agentx.png,100000,0,1,0,0,1,1,0,0,1,1,,,1,1,0,0,1,0,1,0,0,0,1,0,simple,admin,pdc,Default,simple,0,,,Product Info Column,1,Enabled,"Catalog, Search",Shipping,
8,AGNT900413,BSBSBS,Cal-C Vita Efferversent Tablet 10S 2+1 Offer Pack TST 7,0,MEDICINES,ALPHAMED,BestSeller,Cal-C Vita Efferversent Tablet 10S 2+1 Offer Pack TST 7,Cal-C Vita Efferversent Tablet 10S 2+1 Offer Pack TST 7,/agentx.png,/agentx.png,/agentx.png,100000,0,1,0,0,1,1,0,0,1,1,,,1,1,0,0,1,0,1,0,0,0,1,0,simple,admin,pdc,Default,simple,0,,,Product Info Column,1,Enabled,"Catalog, Search",Shipping,
8,AGNT900414,BSBSBS,Cal-C Vita Efferversent Tablet 10S 2+1 Offer Pack TST 7,0,MEDICINES,ALPHAMED,BestSeller,Cal-C Vita Efferversent Tablet 10S 2+1 Offer Pack TST 7,Cal-C Vita Efferversent Tablet 10S 2+1 Offer Pack TST 7,/agentx.png,/agentx.png,/agentx.png,100000,0,1,0,0,1,1,0,0,1,1,,,1,1,0,0,1,0,1,0,0,0,1,0,simple,admin,pdc,Default,simple,0,,,Product Info Column,1,Enabled,"Catalog, Search",Shipping,
8,AGNT900415,BSBSBS,Cal-C Vita Efferversent Tablet 10S 2+1 Offer Pack TST 7,0,MEDICINES,ALPHAMED,BestSeller,Cal-C Vita Efferversent Tablet 10S 2+1 Offer Pack TST 7,Cal-C Vita Efferversent Tablet 10S 2+1 Offer Pack TST 7,/agentx.png,/agentx.png,/agentx.png,100000,0,1,0,0,1,1,0,0,1,1,,,1,1,0,0,1,0,1,0,0,0,1,0,simple,admin,pdc,Default,simple,0,,,Product Info Column,1,Enabled,"Catalog, Search",Shipping,
8,AGNT900416,BSBSBS,Cal-C Vita Efferversent Tablet 10S 2+1 Offer Pack TST 7,0,MEDICINES,ALPHAMED,BestSeller,Cal-C Vita Efferversent Tablet 10S 2+1 Offer Pack TST 7,Cal-C Vita Efferversent Tablet 10S 2+1 Offer Pack TST 7,/agentx.png,/agentx.png,/agentx.png,100000,0,1,0,0,1,1,0,0,1,1,,,1,1,0,0,1,0,1,0,0,0,1,0,simple,admin,pdc,Default,simple,0,,,Product Info Column,1,Enabled,"Catalog, Search",Shipping,
8,AGNT900417,BSBSBS,Cal-C Vita Efferversent Tablet 10S 2+1 Offer Pack TST 7,0,MEDICINES,ALPHAMED,BestSeller,Cal-C Vita Efferversent Tablet 10S 2+1 Offer Pack TST 7,Cal-C Vita Efferversent Tablet 10S 2+1 Offer Pack TST 7,/agentx.png,/agentx.png,/agentx.png,100000,0,1,0,0,1,1,0,0,1,1,,,1,1,0,0,1,0,1,0,0,0,1,0,simple,admin,pdc,Default,simple,0,,,Product Info Column,1,Enabled,"Catalog, Search",Shipping,
8,AGNT900418,BSBSBS,Cal-C Vita Efferversent Tablet 10S 2+1 Offer Pack TST 7,0,MEDICINES,ALPHAMED,BestSeller,Cal-C Vita Efferversent Tablet 10S 2+1 Offer Pack TST 7,Cal-C Vita Efferversent Tablet 10S 2+1 Offer Pack TST 7,/agentx.png,/agentx.png,/agentx.png,100000,0,1,0,0,1,1,0,0,1,1,,,1,1,0,0,1,0,1,0,0,0,1,0,simple,admin,pdc,Default,simple,0,,,Product Info Column,1,Enabled,"Catalog, Search",Shipping,
8,AGNT900419,BSBSBS,Cal-C Vita Efferversent Tablet 10S 2+1 Offer Pack TST 7,0,MEDICINES,ALPHAMED,BestSeller,Cal-C Vita Efferversent Tablet 10S 2+1 Offer Pack TST 7,Cal-C Vita Efferversent Tablet 10S 2+1 Offer Pack TST 7,/agentx.png,/agentx.png,/agentx.png,100000,0,1,0,0,1,1,0,0,1,1,,,1,1,0,0,1,0,1,0,0,0,1,0,simple,admin,pdc,Default,simple,0,,,Product Info Column,1,Enabled,"Catalog, Search",Shipping,
8,AGNT900420,BSBSBS,Cal-C Vita Efferversent Tablet 10S 2+1 Offer Pack TST 7,0,MEDICINES,ALPHAMED,BestSeller,Cal-C Vita Efferversent Tablet 10S 2+1 Offer Pack TST 7,Cal-C Vita Efferversent Tablet 10S 2+1 Offer Pack TST 7,/agentx.png,/agentx.png,/agentx.png,100000,0,1,0,0,1,1,0,0,1,1,,,1,1,0,0,1,0,1,0,0,0,1,0,simple,admin,pdc,Default,simple,0,,,Product Info Column,1,Enabled,"Catalog, Search",Shipping,
8,AGNT900421,BSBSBS,Cal-C Vita Efferversent Tablet 10S 2+1 Offer Pack TST 7,0,MEDICINES,ALPHAMED,BestSeller,Cal-C Vita Efferversent Tablet 10S 2+1 Offer Pack TST 7,Cal-C Vita Efferversent Tablet 10S 2+1 Offer Pack TST 7,/agentx.png,/agentx.png,/agentx.png,100000,0,1,0,0,1,1,0,0,1,1,,,1,1,0,0,1,0,1,0,0,0,1,0,simple,admin,pdc,Default,simple,0,,,Product Info Column,1,Enabled,"Catalog, Search",Shipping,
