sku,image,small_image,thumbnail
544,/pdc.png,/pdc.png,/pdc.png
552,/pdc.png,/pdc.png,/pdc.png
2951,/pdc.png,/pdc.png,/pdc.png
2971,/pdc.png,/pdc.png,/pdc.png
3031,/pdc.png,/pdc.png,/pdc.png
831,/pdc.png,/pdc.png,/pdc.png
832,/pdc.png,/pdc.png,/pdc.png
833,/pdc.png,/pdc.png,/pdc.png
834,/pdc.png,/pdc.png,/pdc.png
835,/pdc.png,/pdc.png,/pdc.png
3235,/pdc.png,/pdc.png,/pdc.png
903,/pdc.png,/pdc.png,/pdc.png
910,/pdc.png,/pdc.png,/pdc.png
946,/pdc.png,/pdc.png,/pdc.png
1036,/pdc.png,/pdc.png,/pdc.png
3512,/pdc.png,/pdc.png,/pdc.png
5739,/pdc.png,/pdc.png,/pdc.png
3593,/pdc.png,/pdc.png,/pdc.png
1239,/pdc.png,/pdc.png,/pdc.png
1243,/pdc.png,/pdc.png,/pdc.png
1255,/pdc.png,/pdc.png,/pdc.png
1282,/pdc.png,/pdc.png,/pdc.png
1386,/pdc.png,/pdc.png,/pdc.png
1444,/pdc.png,/pdc.png,/pdc.png
1472,/pdc.png,/pdc.png,/pdc.png
1473,/pdc.png,/pdc.png,/pdc.png
12049,/pdc.png,/pdc.png,/pdc.png
7387,/pdc.png,/pdc.png,/pdc.png
1797,/pdc.png,/pdc.png,/pdc.png
9451,/pdc.png,/pdc.png,/pdc.png
4147,/pdc.png,/pdc.png,/pdc.png
1972,/pdc.png,/pdc.png,/pdc.png
1973,/pdc.png,/pdc.png,/pdc.png
1974,/pdc.png,/pdc.png,/pdc.png
2001,/pdc.png,/pdc.png,/pdc.png
2209,/pdc.png,/pdc.png,/pdc.png
4318,/pdc.png,/pdc.png,/pdc.png
4329,/pdc.png,/pdc.png,/pdc.png
2258,/pdc.png,/pdc.png,/pdc.png
2244,/pdc.png,/pdc.png,/pdc.png
60,/pdc.png,/pdc.png,/pdc.png
13915,/pdc.png,/pdc.png,/pdc.png
417,/pdc.png,/pdc.png,/pdc.png
2743,/pdc.png,/pdc.png,/pdc.png
9200,/pdc.png,/pdc.png,/pdc.png
4905,/pdc.png,/pdc.png,/pdc.png
1434,/pdc.png,/pdc.png,/pdc.png
3732,/pdc.png,/pdc.png,/pdc.png
13930,/pdc.png,/pdc.png,/pdc.png
1805,/pdc.png,/pdc.png,/pdc.png
1806,/pdc.png,/pdc.png,/pdc.png
11223,/pdc.png,/pdc.png,/pdc.png
13863,/pdc.png,/pdc.png,/pdc.png
13916,/pdc.png,/pdc.png,/pdc.png
2706,/pdc.png,/pdc.png,/pdc.png
5491,/pdc.png,/pdc.png,/pdc.png
13961,/pdc.png,/pdc.png,/pdc.png
13821,/pdc.png,/pdc.png,/pdc.png
2786,/pdc.png,/pdc.png,/pdc.png
3396,/pdc.png,/pdc.png,/pdc.png
3403,/pdc.png,/pdc.png,/pdc.png
3425,/pdc.png,/pdc.png,/pdc.png
3426,/pdc.png,/pdc.png,/pdc.png
8401,/pdc.png,/pdc.png,/pdc.png
4388,/pdc.png,/pdc.png,/pdc.png
13467,/pdc.png,/pdc.png,/pdc.png
13225,/pdc.png,/pdc.png,/pdc.png
5170,/pdc.png,/pdc.png,/pdc.png
4125,/pdc.png,/pdc.png,/pdc.png
2114,/pdc.png,/pdc.png,/pdc.png
7497,/pdc.png,/pdc.png,/pdc.png
7498,/pdc.png,/pdc.png,/pdc.png
9202,/pdc.png,/pdc.png,/pdc.png
1731,/pdc.png,/pdc.png,/pdc.png
128,/pdc.png,/pdc.png,/pdc.png
2463,/pdc.png,/pdc.png,/pdc.png
11821,/pdc.png,/pdc.png,/pdc.png
4420,/pdc.png,/pdc.png,/pdc.png
1832,/pdc.png,/pdc.png,/pdc.png
2331,/pdc.png,/pdc.png,/pdc.png
2783,/pdc.png,/pdc.png,/pdc.png
3690,/pdc.png,/pdc.png,/pdc.png
3830,/pdc.png,/pdc.png,/pdc.png
5147,/pdc.png,/pdc.png,/pdc.png
1705,/pdc.png,/pdc.png,/pdc.png
2149,/pdc.png,/pdc.png,/pdc.png
7501,/pdc.png,/pdc.png,/pdc.png
2874,/pdc.png,/pdc.png,/pdc.png
720,/pdc.png,/pdc.png,/pdc.png
721,/pdc.png,/pdc.png,/pdc.png
1260,/pdc.png,/pdc.png,/pdc.png
6803,/pdc.png,/pdc.png,/pdc.png
2155,/pdc.png,/pdc.png,/pdc.png
8455,/pdc.png,/pdc.png,/pdc.png
8900,/pdc.png,/pdc.png,/pdc.png
11829,/pdc.png,/pdc.png,/pdc.png
2345,/pdc.png,/pdc.png,/pdc.png
90,/pdc.png,/pdc.png,/pdc.png
8850,/pdc.png,/pdc.png,/pdc.png
92,/pdc.png,/pdc.png,/pdc.png
97,/pdc.png,/pdc.png,/pdc.png
99,/pdc.png,/pdc.png,/pdc.png
7496,/pdc.png,/pdc.png,/pdc.png
157,/pdc.png,/pdc.png,/pdc.png
267,/pdc.png,/pdc.png,/pdc.png
2610,/pdc.png,/pdc.png,/pdc.png
14381,/pdc.png,/pdc.png,/pdc.png
7507,/pdc.png,/pdc.png,/pdc.png
2800,/pdc.png,/pdc.png,/pdc.png
573,/pdc.png,/pdc.png,/pdc.png
581,/pdc.png,/pdc.png,/pdc.png
12760,/pdc.png,/pdc.png,/pdc.png
620,/pdc.png,/pdc.png,/pdc.png
621,/pdc.png,/pdc.png,/pdc.png
3022,/pdc.png,/pdc.png,/pdc.png
653,/pdc.png,/pdc.png,/pdc.png
654,/pdc.png,/pdc.png,/pdc.png
776,/pdc.png,/pdc.png,/pdc.png
3177,/pdc.png,/pdc.png,/pdc.png
10499,/pdc.png,/pdc.png,/pdc.png
13622,/pdc.png,/pdc.png,/pdc.png
14363,/pdc.png,/pdc.png,/pdc.png
917,/pdc.png,/pdc.png,/pdc.png
5710,/pdc.png,/pdc.png,/pdc.png
998,/pdc.png,/pdc.png,/pdc.png
3409,/pdc.png,/pdc.png,/pdc.png
1015,/pdc.png,/pdc.png,/pdc.png
3422,/pdc.png,/pdc.png,/pdc.png
13729,/pdc.png,/pdc.png,/pdc.png
1262,/pdc.png,/pdc.png,/pdc.png
3629,/pdc.png,/pdc.png,/pdc.png
3634,/pdc.png,/pdc.png,/pdc.png
3635,/pdc.png,/pdc.png,/pdc.png
3640,/pdc.png,/pdc.png,/pdc.png
1273,/pdc.png,/pdc.png,/pdc.png
3642,/pdc.png,/pdc.png,/pdc.png
3645,/pdc.png,/pdc.png,/pdc.png
3650,/pdc.png,/pdc.png,/pdc.png
1478,/pdc.png,/pdc.png,/pdc.png
3750,/pdc.png,/pdc.png,/pdc.png
3751,/pdc.png,/pdc.png,/pdc.png
14686,/pdc.png,/pdc.png,/pdc.png
1549,/pdc.png,/pdc.png,/pdc.png
3875,/pdc.png,/pdc.png,/pdc.png
10270,/pdc.png,/pdc.png,/pdc.png
14472,/pdc.png,/pdc.png,/pdc.png
14445,/pdc.png,/pdc.png,/pdc.png
4095,/pdc.png,/pdc.png,/pdc.png
13592,/pdc.png,/pdc.png,/pdc.png
14368,/pdc.png,/pdc.png,/pdc.png
14735,/pdc.png,/pdc.png,/pdc.png
1994,/pdc.png,/pdc.png,/pdc.png
6010,/pdc.png,/pdc.png,/pdc.png
14388,/pdc.png,/pdc.png,/pdc.png
9450,/pdc.png,/pdc.png,/pdc.png
14387,/pdc.png,/pdc.png,/pdc.png
14418,/pdc.png,/pdc.png,/pdc.png
13742,/pdc.png,/pdc.png,/pdc.png
5324,/pdc.png,/pdc.png,/pdc.png
11828,/pdc.png,/pdc.png,/pdc.png
14103,/pdc.png,/pdc.png,/pdc.png
2344,/pdc.png,/pdc.png,/pdc.png
2427,/pdc.png,/pdc.png,/pdc.png
2428,/pdc.png,/pdc.png,/pdc.png
4671,/pdc.png,/pdc.png,/pdc.png
2531,/pdc.png,/pdc.png,/pdc.png
13723,/pdc.png,/pdc.png,/pdc.png
2942,/pdc.png,/pdc.png,/pdc.png
622,/pdc.png,/pdc.png,/pdc.png
651,/pdc.png,/pdc.png,/pdc.png
704,/pdc.png,/pdc.png,/pdc.png
708,/pdc.png,/pdc.png,/pdc.png
3047,/pdc.png,/pdc.png,/pdc.png
5564,/pdc.png,/pdc.png,/pdc.png
742,/pdc.png,/pdc.png,/pdc.png
5581,/pdc.png,/pdc.png,/pdc.png
7400,/pdc.png,/pdc.png,/pdc.png
811,/pdc.png,/pdc.png,/pdc.png
13613,/pdc.png,/pdc.png,/pdc.png
11369,/pdc.png,/pdc.png,/pdc.png
3269,/pdc.png,/pdc.png,/pdc.png
13623,/pdc.png,/pdc.png,/pdc.png
14297,/pdc.png,/pdc.png,/pdc.png
14393,/pdc.png,/pdc.png,/pdc.png
13854,/pdc.png,/pdc.png,/pdc.png
932,/pdc.png,/pdc.png,/pdc.png
947,/pdc.png,/pdc.png,/pdc.png
948,/pdc.png,/pdc.png,/pdc.png
949,/pdc.png,/pdc.png,/pdc.png
985,/pdc.png,/pdc.png,/pdc.png
988,/pdc.png,/pdc.png,/pdc.png
1035,/pdc.png,/pdc.png,/pdc.png
5737,/pdc.png,/pdc.png,/pdc.png
13810,/pdc.png,/pdc.png,/pdc.png
3520,/pdc.png,/pdc.png,/pdc.png
1155,/pdc.png,/pdc.png,/pdc.png
12722,/pdc.png,/pdc.png,/pdc.png
3626,/pdc.png,/pdc.png,/pdc.png
1263,/pdc.png,/pdc.png,/pdc.png
1266,/pdc.png,/pdc.png,/pdc.png
3636,/pdc.png,/pdc.png,/pdc.png
1268,/pdc.png,/pdc.png,/pdc.png
1269,/pdc.png,/pdc.png,/pdc.png
5779,/pdc.png,/pdc.png,/pdc.png
3637,/pdc.png,/pdc.png,/pdc.png
3641,/pdc.png,/pdc.png,/pdc.png
3646,/pdc.png,/pdc.png,/pdc.png
3647,/pdc.png,/pdc.png,/pdc.png
13852,/pdc.png,/pdc.png,/pdc.png
1275,/pdc.png,/pdc.png,/pdc.png
7796,/pdc.png,/pdc.png,/pdc.png
14734,/pdc.png,/pdc.png,/pdc.png
5120,/pdc.png,/pdc.png,/pdc.png
3748,/pdc.png,/pdc.png,/pdc.png
1476,/pdc.png,/pdc.png,/pdc.png
3756,/pdc.png,/pdc.png,/pdc.png
3785,/pdc.png,/pdc.png,/pdc.png
1550,/pdc.png,/pdc.png,/pdc.png
1659,/pdc.png,/pdc.png,/pdc.png
1660,/pdc.png,/pdc.png,/pdc.png
12567,/pdc.png,/pdc.png,/pdc.png
3977,/pdc.png,/pdc.png,/pdc.png
1807,/pdc.png,/pdc.png,/pdc.png
14390,/pdc.png,/pdc.png,/pdc.png
4093,/pdc.png,/pdc.png,/pdc.png
1893,/pdc.png,/pdc.png,/pdc.png
4123,/pdc.png,/pdc.png,/pdc.png
1932,/pdc.png,/pdc.png,/pdc.png
4124,/pdc.png,/pdc.png,/pdc.png
4128,/pdc.png,/pdc.png,/pdc.png
4145,/pdc.png,/pdc.png,/pdc.png
13621,/pdc.png,/pdc.png,/pdc.png
11854,/pdc.png,/pdc.png,/pdc.png
2062,/pdc.png,/pdc.png,/pdc.png
2282,/pdc.png,/pdc.png,/pdc.png
5325,/pdc.png,/pdc.png,/pdc.png
4306,/pdc.png,/pdc.png,/pdc.png
14739,/pdc.png,/pdc.png,/pdc.png
7506,/pdc.png,/pdc.png,/pdc.png
13991,/pdc.png,/pdc.png,/pdc.png
3270,/pdc.png,/pdc.png,/pdc.png
1134,/pdc.png,/pdc.png,/pdc.png
3824,/pdc.png,/pdc.png,/pdc.png
2208,/pdc.png,/pdc.png,/pdc.png
5326,/pdc.png,/pdc.png,/pdc.png
7269,/pdc.png,/pdc.png,/pdc.png
377,/pdc.png,/pdc.png,/pdc.png
13994,/pdc.png,/pdc.png,/pdc.png
3024,/pdc.png,/pdc.png,/pdc.png
808,/pdc.png,/pdc.png,/pdc.png
809,/pdc.png,/pdc.png,/pdc.png
3164,/pdc.png,/pdc.png,/pdc.png
4454,/pdc.png,/pdc.png,/pdc.png
3511,/pdc.png,/pdc.png,/pdc.png
3539,/pdc.png,/pdc.png,/pdc.png
1418,/pdc.png,/pdc.png,/pdc.png
4171,/pdc.png,/pdc.png,/pdc.png
1983,/pdc.png,/pdc.png,/pdc.png
7017,/pdc.png,/pdc.png,/pdc.png
3146,/pdc.png,/pdc.png,/pdc.png
14676,/pdc.png,/pdc.png,/pdc.png
6,/pdc.png,/pdc.png,/pdc.png
7,/pdc.png,/pdc.png,/pdc.png
45,/pdc.png,/pdc.png,/pdc.png
125,/pdc.png,/pdc.png,/pdc.png
166,/pdc.png,/pdc.png,/pdc.png
2572,/pdc.png,/pdc.png,/pdc.png
299,/pdc.png,/pdc.png,/pdc.png
11739,/pdc.png,/pdc.png,/pdc.png
2720,/pdc.png,/pdc.png,/pdc.png
11738,/pdc.png,/pdc.png,/pdc.png
423,/pdc.png,/pdc.png,/pdc.png
425,/pdc.png,/pdc.png,/pdc.png
550,/pdc.png,/pdc.png,/pdc.png
3014,/pdc.png,/pdc.png,/pdc.png
644,/pdc.png,/pdc.png,/pdc.png
769,/pdc.png,/pdc.png,/pdc.png
770,/pdc.png,/pdc.png,/pdc.png
771,/pdc.png,/pdc.png,/pdc.png
775,/pdc.png,/pdc.png,/pdc.png
869,/pdc.png,/pdc.png,/pdc.png
3267,/pdc.png,/pdc.png,/pdc.png
993,/pdc.png,/pdc.png,/pdc.png
3395,/pdc.png,/pdc.png,/pdc.png
11490,/pdc.png,/pdc.png,/pdc.png
1394,/pdc.png,/pdc.png,/pdc.png
5935,/pdc.png,/pdc.png,/pdc.png
14129,/pdc.png,/pdc.png,/pdc.png
3958,/pdc.png,/pdc.png,/pdc.png
3959,/pdc.png,/pdc.png,/pdc.png
3960,/pdc.png,/pdc.png,/pdc.png
1802,/pdc.png,/pdc.png,/pdc.png
1999,/pdc.png,/pdc.png,/pdc.png
8281,/pdc.png,/pdc.png,/pdc.png
9,/pdc.png,/pdc.png,/pdc.png
10,/pdc.png,/pdc.png,/pdc.png
48,/pdc.png,/pdc.png,/pdc.png
51,/pdc.png,/pdc.png,/pdc.png
393,/pdc.png,/pdc.png,/pdc.png
2719,/pdc.png,/pdc.png,/pdc.png
504,/pdc.png,/pdc.png,/pdc.png
578,/pdc.png,/pdc.png,/pdc.png
580,/pdc.png,/pdc.png,/pdc.png
646,/pdc.png,/pdc.png,/pdc.png
732,/pdc.png,/pdc.png,/pdc.png
2281,/pdc.png,/pdc.png,/pdc.png
3128,/pdc.png,/pdc.png,/pdc.png
772,/pdc.png,/pdc.png,/pdc.png
773,/pdc.png,/pdc.png,/pdc.png
891,/pdc.png,/pdc.png,/pdc.png
893,/pdc.png,/pdc.png,/pdc.png
3948,/pdc.png,/pdc.png,/pdc.png
13869,/pdc.png,/pdc.png,/pdc.png
1781,/pdc.png,/pdc.png,/pdc.png
1782,/pdc.png,/pdc.png,/pdc.png
4127,/pdc.png,/pdc.png,/pdc.png
4212,/pdc.png,/pdc.png,/pdc.png
713,/pdc.png,/pdc.png,/pdc.png
714,/pdc.png,/pdc.png,/pdc.png
1253,/pdc.png,/pdc.png,/pdc.png
1993,/pdc.png,/pdc.png,/pdc.png
2219,/pdc.png,/pdc.png,/pdc.png
43,/pdc.png,/pdc.png,/pdc.png
546,/pdc.png,/pdc.png,/pdc.png
1714,/pdc.png,/pdc.png,/pdc.png
1715,/pdc.png,/pdc.png,/pdc.png
1729,/pdc.png,/pdc.png,/pdc.png
1897,/pdc.png,/pdc.png,/pdc.png
2214,/pdc.png,/pdc.png,/pdc.png
1547,/pdc.png,/pdc.png,/pdc.png
812,/pdc.png,/pdc.png,/pdc.png
2127,/pdc.png,/pdc.png,/pdc.png
376,/pdc.png,/pdc.png,/pdc.png
9422,/pdc.png,/pdc.png,/pdc.png
5461,/pdc.png,/pdc.png,/pdc.png
14433,/pdc.png,/pdc.png,/pdc.png
5457,/pdc.png,/pdc.png,/pdc.png
1426,/pdc.png,/pdc.png,/pdc.png
5555,/pdc.png,/pdc.png,/pdc.png
1425,/pdc.png,/pdc.png,/pdc.png
1939,/pdc.png,/pdc.png,/pdc.png
4574,/pdc.png,/pdc.png,/pdc.png
14048,/pdc.png,/pdc.png,/pdc.png
13685,/pdc.png,/pdc.png,/pdc.png
13196,/pdc.png,/pdc.png,/pdc.png
3725,/pdc.png,/pdc.png,/pdc.png
2635,/pdc.png,/pdc.png,/pdc.png
3571,/pdc.png,/pdc.png,/pdc.png
9724,/pdc.png,/pdc.png,/pdc.png
2054,/pdc.png,/pdc.png,/pdc.png
5124,/pdc.png,/pdc.png,/pdc.png
2276,/pdc.png,/pdc.png,/pdc.png
10686,/pdc.png,/pdc.png,/pdc.png
1950,/pdc.png,/pdc.png,/pdc.png
7238,/pdc.png,/pdc.png,/pdc.png
3150,/pdc.png,/pdc.png,/pdc.png
